,x,y,width,height
0,-5,2,341,473
1,-5,2,341,473
2,-5,2,341,473
3,-5,2,341,473
4,-5,2,341,473
5,-5,2,341,473
6,-5,2,341,473
7,-5,2,341,473
8,-5,2,341,473
9,-5,2,341,473
10,-4,-1,346,480
11,-4,-1,346,480
12,-4,-1,346,480
13,-4,-1,346,480
14,-4,-1,346,480
15,-4,-1,346,480
16,-4,-1,346,480
17,-4,-1,346,480
18,-4,-1,346,480
19,-4,-1,346,480
20,-1,2,335,476
21,-1,2,335,476
22,-1,2,335,476
23,-1,2,335,476
24,-1,2,335,476
25,-1,2,335,476
26,-1,2,335,476
27,-1,2,335,476
28,-1,2,335,476
29,-1,2,335,476
30,0,4,334,469
31,0,4,334,469
32,0,4,334,469
33,0,4,334,469
34,0,4,334,469
35,0,4,334,469
36,0,4,334,469
37,0,4,334,469
38,0,4,334,469
39,0,4,334,469
40,1,4,333,471
41,1,4,333,471
42,1,4,333,471
43,1,4,333,471
44,1,4,333,471
45,1,4,333,471
46,1,4,333,471
47,1,4,333,471
48,1,4,333,471
49,1,4,333,471
50,0,1,336,474
51,0,1,336,474
52,0,1,336,474
53,0,1,336,474
54,0,1,336,474
55,0,1,336,474
56,0,1,336,474
57,0,1,336,474
58,0,1,336,474
59,0,1,336,474
60,1,5,334,470
61,1,5,334,470
62,1,5,334,470
63,1,5,334,470
64,1,5,334,470
65,1,5,334,470
66,1,5,334,470
67,1,5,334,470
68,1,5,334,470
69,1,5,334,470
70,-3,3,339,470
71,-3,3,339,470
72,-3,3,339,470
73,-3,3,339,470
74,-3,3,339,470
75,-3,3,339,470
76,-3,3,339,470
77,-3,3,339,470
78,-3,3,339,470
79,-3,3,339,470
80,0,9,323,462
81,0,9,323,462
82,0,9,323,462
83,0,9,323,462
84,0,9,323,462
85,0,9,323,462
86,0,9,323,462
87,0,9,323,462
88,0,9,323,462
89,0,9,323,462
90,-1,13,347,457
91,-1,13,347,457
92,-1,13,347,457
93,-1,13,347,457
94,-1,13,347,457
95,-1,13,347,457
96,-1,13,347,457
97,-1,13,347,457
98,-1,13,347,457
99,-1,13,347,457
100,-1,6,358,467
101,-1,6,358,467
102,-1,6,358,467
103,-1,6,358,467
104,-1,6,358,467
105,-1,6,358,467
106,-1,6,358,467
107,-1,6,358,467
108,-1,6,358,467
109,-1,6,358,467
110,13,9,394,462
111,13,9,394,462
112,13,9,394,462
113,13,9,394,462
114,13,9,394,462
115,13,9,394,462
116,13,9,394,462
117,13,9,394,462
118,13,9,394,462
119,13,9,394,462
120,-12,14,384,450
121,-12,14,384,450
122,-12,14,384,450
123,-12,14,384,450
124,-12,14,384,450
125,-12,14,384,450
126,-12,14,384,450
127,-12,14,384,450
128,-12,14,384,450
129,-12,14,384,450
130,-18,10,393,450
131,-18,10,393,450
132,-18,10,393,450
133,-18,10,393,450
134,-18,10,393,450
135,-18,10,393,450
136,-18,10,393,450
137,-18,10,393,450
138,-18,10,393,450
139,-18,10,393,450
140,-14,7,363,457
141,-14,7,363,457
142,-14,7,363,457
143,-14,7,363,457
144,-14,7,363,457
145,-14,7,363,457
146,-14,7,363,457
147,-14,7,363,457
148,-14,7,363,457
149,-14,7,363,457
150,4,9,310,455
151,4,9,310,455
152,4,9,310,455
153,4,9,310,455
154,4,9,310,455
155,4,9,310,455
156,4,9,310,455
157,4,9,310,455
158,4,9,310,455
159,4,9,310,455
160,16,6,288,461
161,16,6,288,461
162,16,6,288,461
163,16,6,288,461
164,16,6,288,461
165,16,6,288,461
166,16,6,288,461
167,16,6,288,461
168,16,6,288,461
169,16,6,288,461
170,36,-3,240,478
171,36,-3,240,478
172,36,-3,240,478
173,36,-3,240,478
174,36,-3,240,478
175,36,-3,240,478
176,36,-3,240,478
177,36,-3,240,478
178,36,-3,240,478
179,36,-3,240,478
180,47,-1,214,480
181,47,-1,214,480
182,47,-1,214,480
183,47,-1,214,480
184,47,-1,214,480
185,47,-1,214,480
186,47,-1,214,480
187,47,-1,214,480
188,47,-1,214,480
189,47,-1,214,480
190,45,-18,189,517
191,45,-18,189,517
192,45,-18,189,517
193,45,-18,189,517
194,45,-18,189,517
195,45,-18,189,517
196,45,-18,189,517
197,45,-18,189,517
198,45,-18,189,517
199,45,-18,189,517
200,57,7,190,482
201,57,7,190,482
202,57,7,190,482
203,57,7,190,482
204,57,7,190,482
205,57,7,190,482
206,57,7,190,482
207,57,7,190,482
208,57,7,190,482
209,57,7,190,482
210,80,30,156,443
211,80,30,156,443
212,80,30,156,443
213,80,30,156,443
214,80,30,156,443
215,80,30,156,443
216,80,30,156,443
217,80,30,156,443
218,80,30,156,443
219,80,30,156,443
220,94,32,155,442
221,94,32,155,442
222,94,32,155,442
223,94,32,155,442
224,94,32,155,442
225,94,32,155,442
226,94,32,155,442
227,94,32,155,442
228,94,32,155,442
229,94,32,155,442
230,95,36,163,434
231,95,36,163,434
232,95,36,163,434
233,95,36,163,434
234,95,36,163,434
235,95,36,163,434
236,95,36,163,434
237,95,36,163,434
238,95,36,163,434
239,95,36,163,434
240,117,40,147,444
241,117,40,147,444
242,117,40,147,444
243,117,40,147,444
244,117,40,147,444
245,117,40,147,444
246,117,40,147,444
247,117,40,147,444
248,117,40,147,444
249,117,40,147,444
250,133,65,133,368
251,133,65,133,368
252,133,65,133,368
253,133,65,133,368
254,133,65,133,368
255,133,65,133,368
256,133,65,133,368
257,133,65,133,368
258,133,65,133,368
259,133,65,133,368
260,146,84,128,300
261,146,84,128,300
262,146,84,128,300
263,146,84,128,300
264,146,84,128,300
265,146,84,128,300
266,146,84,128,300
267,146,84,128,300
268,146,84,128,300
269,146,84,128,300
270,153,87,127,318
271,153,87,127,318
272,153,87,127,318
273,153,87,127,318
274,153,87,127,318
275,153,87,127,318
276,153,87,127,318
277,153,87,127,318
278,153,87,127,318
279,153,87,127,318
280,170,94,119,308
281,170,94,119,308
282,170,94,119,308
283,170,94,119,308
284,170,94,119,308
285,170,94,119,308
286,170,94,119,308
287,170,94,119,308
288,170,94,119,308
289,170,94,119,308
290,179,101,119,290
291,179,101,119,290
292,179,101,119,290
293,179,101,119,290
294,179,101,119,290
295,179,101,119,290
296,179,101,119,290
297,179,101,119,290
298,179,101,119,290
299,179,101,119,290
300,183,95,115,294
301,183,95,115,294
302,183,95,115,294
303,183,95,115,294
304,183,95,115,294
305,183,95,115,294
306,183,95,115,294
307,183,95,115,294
308,183,95,115,294
309,183,95,115,294
310,200,98,105,285
311,200,98,105,285
312,200,98,105,285
313,200,98,105,285
314,200,98,105,285
315,200,98,105,285
316,200,98,105,285
317,200,98,105,285
318,200,98,105,285
319,200,98,105,285
320,216,107,107,278
321,216,107,107,278
322,216,107,107,278
323,216,107,107,278
324,216,107,107,278
325,216,107,107,278
326,216,107,107,278
327,216,107,107,278
328,216,107,107,278
329,216,107,107,278
330,221,107,110,271
331,221,107,110,271
332,221,107,110,271
333,221,107,110,271
334,221,107,110,271
335,221,107,110,271
336,221,107,110,271
337,221,107,110,271
338,221,107,110,271
339,221,107,110,271
340,230,103,105,285
341,230,103,105,285
342,230,103,105,285
343,230,103,105,285
344,230,103,105,285
345,230,103,105,285
346,230,103,105,285
347,230,103,105,285
348,230,103,105,285
349,230,103,105,285
350,228,102,109,287
351,228,102,109,287
352,228,102,109,287
353,228,102,109,287
354,228,102,109,287
355,228,102,109,287
356,228,102,109,287
357,228,102,109,287
358,228,102,109,287
359,228,102,109,287
360,277,102,74,287
361,277,102,74,287
362,277,102,74,287
363,277,102,74,287
364,277,102,74,287
365,277,102,74,287
366,277,102,74,287
367,277,102,74,287
368,277,102,74,287
369,277,102,74,287
370,293,103,122,292
371,293,103,122,292
372,293,103,122,292
373,293,103,122,292
374,293,103,122,292
375,293,103,122,292
376,293,103,122,292
377,293,103,122,292
378,293,103,122,292
379,293,103,122,292
380,299,108,120,288
381,299,108,120,288
382,299,108,120,288
383,299,108,120,288
384,299,108,120,288
385,299,108,120,288
386,299,108,120,288
387,299,108,120,288
388,299,108,120,288
389,299,108,120,288
390,324,103,108,287
391,324,103,108,287
392,324,103,108,287
393,324,103,108,287
394,324,103,108,287
395,324,103,108,287
396,324,103,108,287
397,324,103,108,287
398,324,103,108,287
399,324,103,108,287
400,347,103,120,279
401,347,103,120,279
402,347,103,120,279
403,347,103,120,279
404,347,103,120,279
405,347,103,120,279
406,347,103,120,279
407,347,103,120,279
408,347,103,120,279
409,347,103,120,279
410,356,102,131,283
411,356,102,131,283
412,356,102,131,283
413,356,102,131,283
414,356,102,131,283
415,356,102,131,283
416,356,102,131,283
417,356,102,131,283
418,356,102,131,283
419,356,102,131,283
420,383,93,127,289
421,383,93,127,289
422,383,93,127,289
423,383,93,127,289
424,383,93,127,289
425,383,93,127,289
426,383,93,127,289
427,383,93,127,289
428,383,93,127,289
429,383,93,127,289
430,403,88,123,294
431,403,88,123,294
432,403,88,123,294
433,403,88,123,294
434,403,88,123,294
435,403,88,123,294
436,403,88,123,294
437,403,88,123,294
438,403,88,123,294
439,403,88,123,294
440,420,78,129,302
441,420,78,129,302
442,420,78,129,302
443,420,78,129,302
444,420,78,129,302
445,420,78,129,302
446,420,78,129,302
447,420,78,129,302
448,420,78,129,302
449,420,78,129,302
450,433,65,135,327
451,433,65,135,327
452,433,65,135,327
453,433,65,135,327
454,433,65,135,327
455,433,65,135,327
456,433,65,135,327
457,433,65,135,327
458,433,65,135,327
459,433,65,135,327
460,440,64,133,321
461,440,64,133,321
462,440,64,133,321
463,440,64,133,321
464,440,64,133,321
465,440,64,133,321
466,440,64,133,321
467,440,64,133,321
468,440,64,133,321
469,440,64,133,321
470,439,66,131,302
471,439,66,131,302
472,439,66,131,302
473,439,66,131,302
474,439,66,131,302
475,439,66,131,302
476,439,66,131,302
477,439,66,131,302
478,439,66,131,302
479,439,66,131,302
480,422,63,120,327
481,422,63,120,327
482,422,63,120,327
483,422,63,120,327
484,422,63,120,327
485,422,63,120,327
486,422,63,120,327
487,422,63,120,327
488,422,63,120,327
489,422,63,120,327
490,391,69,118,311
491,391,69,118,311
492,391,69,118,311
493,391,69,118,311
494,391,69,118,311
495,391,69,118,311
496,391,69,118,311
497,391,69,118,311
498,391,69,118,311
499,391,69,118,311
500,360,67,139,315
501,360,67,139,315
502,360,67,139,315
503,360,67,139,315
504,360,67,139,315
505,360,67,139,315
506,360,67,139,315
507,360,67,139,315
508,360,67,139,315
509,360,67,139,315
510,322,66,152,299
511,322,66,152,299
512,322,66,152,299
513,322,66,152,299
514,322,66,152,299
515,322,66,152,299
516,322,66,152,299
517,322,66,152,299
518,322,66,152,299
519,322,66,152,299
520,307,52,125,349
521,307,52,125,349
522,307,52,125,349
523,307,52,125,349
524,307,52,125,349
525,307,52,125,349
526,307,52,125,349
527,307,52,125,349
528,307,52,125,349
529,307,52,125,349
530,280,50,114,349
531,280,50,114,349
532,280,50,114,349
533,280,50,114,349
534,280,50,114,349
535,280,50,114,349
536,280,50,114,349
537,280,50,114,349
538,280,50,114,349
539,280,50,114,349
540,215,50,144,356
541,215,50,144,356
542,215,50,144,356
543,215,50,144,356
544,215,50,144,356
545,215,50,144,356
546,215,50,144,356
547,215,50,144,356
548,215,50,144,356
549,215,50,144,356
550,181,47,139,365
551,181,47,139,365
552,181,47,139,365
553,181,47,139,365
554,181,47,139,365
555,181,47,139,365
556,181,47,139,365
557,181,47,139,365
558,181,47,139,365
559,181,47,139,365
560,125,41,159,393
561,125,41,159,393
562,125,41,159,393
563,125,41,159,393
564,125,41,159,393
565,125,41,159,393
566,125,41,159,393
567,125,41,159,393
568,125,41,159,393
569,125,41,159,393
570,101,34,178,421
571,101,34,178,421
572,101,34,178,421
573,101,34,178,421
574,101,34,178,421
575,101,34,178,421
576,101,34,178,421
577,101,34,178,421
578,101,34,178,421
579,101,34,178,421
580,75,21,195,456
581,75,21,195,456
582,75,21,195,456
583,75,21,195,456
584,75,21,195,456
585,75,21,195,456
586,75,21,195,456
587,75,21,195,456
588,75,21,195,456
589,75,21,195,456
590,66,13,204,466
591,66,13,204,466
592,66,13,204,466
593,66,13,204,466
594,66,13,204,466
595,66,13,204,466
596,66,13,204,466
597,66,13,204,466
598,66,13,204,466
599,66,13,204,466
600,60,10,204,469
601,60,10,204,469
602,60,10,204,469
603,60,10,204,469
604,60,10,204,469
605,60,10,204,469
606,60,10,204,469
607,60,10,204,469
608,60,10,204,469
609,60,10,204,469
610,53,-3,215,484
611,53,-3,215,484
612,53,-3,215,484
613,53,-3,215,484
614,53,-3,215,484
615,53,-3,215,484
616,53,-3,215,484
617,53,-3,215,484
618,53,-3,215,484
619,53,-3,215,484
620,44,-1,218,481
621,44,-1,218,481
622,44,-1,218,481
623,44,-1,218,481
624,44,-1,218,481
625,44,-1,218,481
626,44,-1,218,481
627,44,-1,218,481
628,44,-1,218,481
629,44,-1,218,481
630,35,6,240,463
631,35,6,240,463
632,35,6,240,463
633,35,6,240,463
634,35,6,240,463
635,35,6,240,463
636,35,6,240,463
637,35,6,240,463
638,35,6,240,463
639,35,6,240,463
640,16,7,291,465
641,16,7,291,465
642,16,7,291,465
643,16,7,291,465
644,16,7,291,465
645,16,7,291,465
646,16,7,291,465
647,16,7,291,465
648,16,7,291,465
649,16,7,291,465
650,10,5,305,457
651,10,5,305,457
652,10,5,305,457
653,10,5,305,457
654,10,5,305,457
655,10,5,305,457
656,10,5,305,457
657,10,5,305,457
658,10,5,305,457
659,10,5,305,457
660,-3,11,345,455
661,-3,11,345,455
662,-3,11,345,455
663,-3,11,345,455
664,-3,11,345,455
665,-3,11,345,455
666,-3,11,345,455
667,-3,11,345,455
668,-3,11,345,455
669,-3,11,345,455
670,14,6,321,466
671,14,6,321,466
672,14,6,321,466
673,14,6,321,466
674,14,6,321,466
675,14,6,321,466
676,14,6,321,466
677,14,6,321,466
678,14,6,321,466
679,14,6,321,466
680,15,14,300,455
681,15,14,300,455
682,15,14,300,455
683,15,14,300,455
684,15,14,300,455
685,15,14,300,455
686,15,14,300,455
687,15,14,300,455
688,15,14,300,455
689,15,14,300,455
690,11,13,392,451
691,11,13,392,451
692,11,13,392,451
693,11,13,392,451
694,11,13,392,451
695,11,13,392,451
696,11,13,392,451
697,11,13,392,451
698,11,13,392,451
699,11,13,392,451
700,1,3,362,477
701,1,3,362,477
702,1,3,362,477
703,1,3,362,477
704,1,3,362,477
705,1,3,362,477
706,1,3,362,477
707,1,3,362,477
708,1,3,362,477
709,1,3,362,477
710,-8,14,367,452
711,-8,14,367,452
712,-8,14,367,452
713,-8,14,367,452
714,-8,14,367,452
715,-8,14,367,452
716,-8,14,367,452
717,-8,14,367,452
718,-8,14,367,452
719,-8,14,367,452
720,0,14,323,453
721,0,14,323,453
722,0,14,323,453
723,0,14,323,453
724,0,14,323,453
725,0,14,323,453
726,0,14,323,453
727,0,14,323,453
728,0,14,323,453
729,0,14,323,453
730,0,7,311,458
731,0,7,311,458
732,0,7,311,458
733,0,7,311,458
734,0,7,311,458
735,0,7,311,458
736,0,7,311,458
737,0,7,311,458
738,0,7,311,458
739,0,7,311,458
740,14,11,300,454
741,14,11,300,454
742,14,11,300,454
743,14,11,300,454
744,14,11,300,454
745,14,11,300,454
746,14,11,300,454
747,14,11,300,454
748,14,11,300,454
749,14,11,300,454
750,44,2,242,466
751,44,2,242,466
752,44,2,242,466
753,44,2,242,466
754,44,2,242,466
755,44,2,242,466
756,44,2,242,466
757,44,2,242,466
758,44,2,242,466
759,44,2,242,466
760,45,1,243,470
761,45,1,243,470
762,45,1,243,470
763,45,1,243,470
764,45,1,243,470
765,45,1,243,470
766,45,1,243,470
767,45,1,243,470
768,45,1,243,470
769,45,1,243,470
770,59,7,203,470
771,59,7,203,470
772,59,7,203,470
773,59,7,203,470
774,59,7,203,470
775,59,7,203,470
776,59,7,203,470
777,59,7,203,470
778,59,7,203,470
779,59,7,203,470
780,61,10,200,457
781,61,10,200,457
782,61,10,200,457
783,61,10,200,457
784,61,10,200,457
785,61,10,200,457
786,61,10,200,457
787,61,10,200,457
788,61,10,200,457
789,61,10,200,457
790,82,27,164,451
791,82,27,164,451
792,82,27,164,451
793,82,27,164,451
794,82,27,164,451
795,82,27,164,451
796,82,27,164,451
797,82,27,164,451
798,82,27,164,451
799,82,27,164,451
800,95,49,157,423
801,95,49,157,423
802,95,49,157,423
803,95,49,157,423
804,95,49,157,423
805,95,49,157,423
806,95,49,157,423
807,95,49,157,423
808,95,49,157,423
809,95,49,157,423
810,127,50,145,399
811,127,50,145,399
812,127,50,145,399
813,127,50,145,399
814,127,50,145,399
815,127,50,145,399
816,127,50,145,399
817,127,50,145,399
818,127,50,145,399
819,127,50,145,399
820,148,64,120,400
821,148,64,120,400
822,148,64,120,400
823,148,64,120,400
824,148,64,120,400
825,148,64,120,400
826,148,64,120,400
827,148,64,120,400
828,148,64,120,400
829,148,64,120,400
830,162,73,118,350
831,162,73,118,350
832,162,73,118,350
833,162,73,118,350
834,162,73,118,350
835,162,73,118,350
836,162,73,118,350
837,162,73,118,350
838,162,73,118,350
839,162,73,118,350
840,173,74,116,304
841,173,74,116,304
842,173,74,116,304
843,173,74,116,304
844,173,74,116,304
845,173,74,116,304
846,173,74,116,304
847,173,74,116,304
848,173,74,116,304
849,173,74,116,304
850,191,83,121,299
851,191,83,121,299
852,191,83,121,299
853,191,83,121,299
854,191,83,121,299
855,191,83,121,299
856,191,83,121,299
857,191,83,121,299
858,191,83,121,299
859,191,83,121,299
860,197,89,136,297
861,197,89,136,297
862,197,89,136,297
863,197,89,136,297
864,197,89,136,297
865,197,89,136,297
866,197,89,136,297
867,197,89,136,297
868,197,89,136,297
869,197,89,136,297
870,229,85,115,309
871,229,85,115,309
872,229,85,115,309
873,229,85,115,309
874,229,85,115,309
875,229,85,115,309
876,229,85,115,309
877,229,85,115,309
878,229,85,115,309
879,229,85,115,309
880,276,91,102,293
881,276,91,102,293
882,276,91,102,293
883,276,91,102,293
884,276,91,102,293
885,276,91,102,293
886,276,91,102,293
887,276,91,102,293
888,276,91,102,293
889,276,91,102,293
890,287,93,93,302
891,287,93,93,302
892,287,93,93,302
893,287,93,93,302
894,287,93,93,302
895,287,93,93,302
896,287,93,93,302
897,287,93,93,302
898,287,93,93,302
899,287,93,93,302
900,285,89,102,308
901,285,89,102,308
902,285,89,102,308
903,285,89,102,308
904,285,89,102,308
905,285,89,102,308
906,285,89,102,308
907,285,89,102,308
908,285,89,102,308
909,285,89,102,308
910,305,101,86,289
911,305,101,86,289
912,305,101,86,289
913,305,101,86,289
914,305,101,86,289
915,305,101,86,289
916,305,101,86,289
917,305,101,86,289
918,305,101,86,289
919,305,101,86,289
920,307,103,85,288
921,307,103,85,288
922,307,103,85,288
923,307,103,85,288
924,307,103,85,288
925,307,103,85,288
926,307,103,85,288
927,307,103,85,288
928,307,103,85,288
929,307,103,85,288
930,312,97,87,293
931,312,97,87,293
932,312,97,87,293
933,312,97,87,293
934,312,97,87,293
935,312,97,87,293
936,312,97,87,293
937,312,97,87,293
938,312,97,87,293
939,312,97,87,293
940,314,99,88,289
941,314,99,88,289
942,314,99,88,289
943,314,99,88,289
944,314,99,88,289
945,314,99,88,289
946,314,99,88,289
947,314,99,88,289
948,314,99,88,289
949,314,99,88,289
950,312,98,85,289
951,312,98,85,289
952,312,98,85,289
953,312,98,85,289
954,312,98,85,289
955,312,98,85,289
956,312,98,85,289
957,312,98,85,289
958,312,98,85,289
959,312,98,85,289
960,311,100,85,289
961,311,100,85,289
962,311,100,85,289
963,311,100,85,289
964,311,100,85,289
965,311,100,85,289
966,311,100,85,289
967,311,100,85,289
968,311,100,85,289
969,311,100,85,289
970,311,104,84,281
971,311,104,84,281
972,311,104,84,281
973,311,104,84,281
974,311,104,84,281
975,311,104,84,281
976,311,104,84,281
977,311,104,84,281
978,311,104,84,281
979,311,104,84,281
980,311,104,86,282
981,311,104,86,282
982,311,104,86,282
983,311,104,86,282
984,311,104,86,282
985,311,104,86,282
986,311,104,86,282
987,311,104,86,282
988,311,104,86,282
989,311,104,86,282
990,311,106,85,275
991,311,106,85,275
992,311,106,85,275
993,311,106,85,275
994,311,106,85,275
995,311,106,85,275
996,311,106,85,275
997,311,106,85,275
998,311,106,85,275
999,311,106,85,275
1000,311,101,85,287
1001,311,101,85,287
1002,311,101,85,287
1003,311,101,85,287
1004,311,101,85,287
1005,311,101,85,287
1006,311,101,85,287
1007,311,101,85,287
1008,311,101,85,287
1009,311,101,85,287
1010,311,103,85,281
1011,311,103,85,281
1012,311,103,85,281
1013,311,103,85,281
1014,311,103,85,281
1015,311,103,85,281
1016,311,103,85,281
1017,311,103,85,281
1018,311,103,85,281
1019,311,103,85,281
1020,311,101,83,289
1021,311,101,83,289
1022,311,101,83,289
1023,311,101,83,289
1024,311,101,83,289
1025,311,101,83,289
1026,311,101,83,289
1027,311,101,83,289
1028,311,101,83,289
1029,311,101,83,289
1030,311,103,84,283
1031,311,103,84,283
1032,311,103,84,283
1033,311,103,84,283
1034,311,103,84,283
1035,311,103,84,283
1036,311,103,84,283
1037,311,103,84,283
1038,311,103,84,283
1039,311,103,84,283
1040,312,100,83,290
1041,312,100,83,290
1042,312,100,83,290
1043,312,100,83,290
1044,312,100,83,290
1045,312,100,83,290
1046,312,100,83,290
1047,312,100,83,290
1048,312,100,83,290
1049,312,100,83,290
1050,312,102,84,286
1051,312,102,84,286
1052,312,102,84,286
1053,312,102,84,286
1054,312,102,84,286
1055,312,102,84,286
1056,312,102,84,286
1057,312,102,84,286
1058,312,102,84,286
1059,312,102,84,286
1060,310,105,85,281
1061,310,105,85,281
1062,310,105,85,281
1063,310,105,85,281
1064,310,105,85,281
1065,310,105,85,281
1066,310,105,85,281
1067,310,105,85,281
1068,310,105,85,281
1069,310,105,85,281
1070,311,105,83,282
1071,311,105,83,282
1072,311,105,83,282
1073,311,105,83,282
1074,311,105,83,282
1075,311,105,83,282
1076,311,105,83,282
1077,311,105,83,282
1078,311,105,83,282
1079,311,105,83,282
1080,311,102,84,286
1081,311,102,84,286
1082,311,102,84,286
1083,311,102,84,286
1084,311,102,84,286
1085,311,102,84,286
1086,311,102,84,286
1087,311,102,84,286
1088,311,102,84,286
1089,311,102,84,286
1090,311,103,85,281
1091,311,103,85,281
1092,311,103,85,281
1093,311,103,85,281
1094,311,103,85,281
1095,311,103,85,281
1096,311,103,85,281
1097,311,103,85,281
1098,311,103,85,281
1099,311,103,85,281
1100,312,100,83,289
1101,312,100,83,289
1102,312,100,83,289
1103,312,100,83,289
1104,312,100,83,289
1105,312,100,83,289
1106,312,100,83,289
1107,312,100,83,289
1108,312,100,83,289
1109,312,100,83,289
1110,302,95,109,294
1111,302,95,109,294
1112,302,95,109,294
1113,302,95,109,294
1114,302,95,109,294
1115,302,95,109,294
1116,302,95,109,294
1117,302,95,109,294
1118,302,95,109,294
1119,302,95,109,294
1120,310,100,85,290
1121,310,100,85,290
1122,310,100,85,290
1123,310,100,85,290
1124,310,100,85,290
1125,310,100,85,290
1126,310,100,85,290
1127,310,100,85,290
1128,310,100,85,290
1129,310,100,85,290
1130,311,105,85,279
1131,311,105,85,279
1132,311,105,85,279
1133,311,105,85,279
1134,311,105,85,279
1135,311,105,85,279
1136,311,105,85,279
1137,311,105,85,279
1138,311,105,85,279
1139,311,105,85,279
1140,312,104,84,279
1141,312,104,84,279
1142,312,104,84,279
1143,312,104,84,279
1144,312,104,84,279
1145,312,104,84,279
1146,312,104,84,279
1147,312,104,84,279
1148,312,104,84,279
1149,312,104,84,279
1150,312,103,84,286
1151,312,103,84,286
1152,312,103,84,286
1153,312,103,84,286
1154,312,103,84,286
1155,312,103,84,286
1156,312,103,84,286
1157,312,103,84,286
1158,312,103,84,286
1159,312,103,84,286
1160,314,105,84,281
1161,314,105,84,281
1162,314,105,84,281
1163,314,105,84,281
1164,314,105,84,281
1165,314,105,84,281
1166,314,105,84,281
1167,314,105,84,281
1168,314,105,84,281
1169,314,105,84,281
1170,316,112,82,268
1171,316,112,82,268
1172,316,112,82,268
1173,316,112,82,268
1174,316,112,82,268
1175,316,112,82,268
1176,316,112,82,268
1177,316,112,82,268
1178,316,112,82,268
1179,316,112,82,268
1180,318,109,84,272
1181,318,109,84,272
1182,318,109,84,272
1183,318,109,84,272
1184,318,109,84,272
1185,318,109,84,272
1186,318,109,84,272
1187,318,109,84,272
1188,318,109,84,272
1189,318,109,84,272
1190,314,95,111,295
1191,314,95,111,295
1192,314,95,111,295
1193,314,95,111,295
1194,314,95,111,295
1195,314,95,111,295
1196,314,95,111,295
1197,314,95,111,295
1198,314,95,111,295
1199,314,95,111,295
1200,316,92,108,300
1201,316,92,108,300
1202,316,92,108,300
1203,316,92,108,300
1204,316,92,108,300
1205,316,92,108,300
1206,316,92,108,300
1207,316,92,108,300
1208,316,92,108,300
1209,316,92,108,300
1210,321,96,110,294
1211,321,96,110,294
1212,321,96,110,294
1213,321,96,110,294
1214,321,96,110,294
1215,321,96,110,294
1216,321,96,110,294
1217,321,96,110,294
1218,321,96,110,294
1219,321,96,110,294
1220,335,95,102,293
1221,335,95,102,293
1222,335,95,102,293
1223,335,95,102,293
1224,335,95,102,293
1225,335,95,102,293
1226,335,95,102,293
1227,335,95,102,293
1228,335,95,102,293
1229,335,95,102,293
1230,338,102,126,283
1231,338,102,126,283
1232,338,102,126,283
1233,338,102,126,283
1234,338,102,126,283
1235,338,102,126,283
1236,338,102,126,283
1237,338,102,126,283
1238,338,102,126,283
1239,338,102,126,283
1240,339,97,123,288
1241,339,97,123,288
1242,339,97,123,288
1243,339,97,123,288
1244,339,97,123,288
1245,339,97,123,288
1246,339,97,123,288
1247,339,97,123,288
1248,339,97,123,288
1249,339,97,123,288
1250,327,101,113,282
1251,327,101,113,282
1252,327,101,113,282
1253,327,101,113,282
1254,327,101,113,282
1255,327,101,113,282
1256,327,101,113,282
1257,327,101,113,282
1258,327,101,113,282
1259,327,101,113,282
1260,308,109,118,279
1261,308,109,118,279
1262,308,109,118,279
1263,308,109,118,279
1264,308,109,118,279
1265,308,109,118,279
1266,308,109,118,279
1267,308,109,118,279
1268,308,109,118,279
1269,308,109,118,279
1270,307,110,106,278
1271,307,110,106,278
1272,307,110,106,278
1273,307,110,106,278
1274,307,110,106,278
1275,307,110,106,278
1276,307,110,106,278
1277,307,110,106,278
1278,307,110,106,278
1279,307,110,106,278
1280,304,105,109,283
1281,304,105,109,283
1282,304,105,109,283
1283,304,105,109,283
1284,304,105,109,283
1285,304,105,109,283
1286,304,105,109,283
1287,304,105,109,283
1288,304,105,109,283
1289,304,105,109,283
1290,304,106,86,281
1291,304,106,86,281
1292,304,106,86,281
1293,304,106,86,281
1294,304,106,86,281
1295,304,106,86,281
1296,304,106,86,281
1297,304,106,86,281
1298,304,106,86,281
1299,304,106,86,281
1300,289,84,100,309
1301,289,84,100,309
1302,289,84,100,309
1303,289,84,100,309
1304,289,84,100,309
1305,289,84,100,309
1306,289,84,100,309
1307,289,84,100,309
1308,289,84,100,309
1309,289,84,100,309
1310,287,88,101,302
1311,287,88,101,302
1312,287,88,101,302
1313,287,88,101,302
1314,287,88,101,302
1315,287,88,101,302
1316,287,88,101,302
1317,287,88,101,302
1318,287,88,101,302
1319,287,88,101,302
1320,285,82,105,303
1321,285,82,105,303
1322,285,82,105,303
1323,285,82,105,303
1324,285,82,105,303
1325,285,82,105,303
1326,285,82,105,303
1327,285,82,105,303
1328,285,82,105,303
1329,285,82,105,303
1330,275,85,107,303
1331,275,85,107,303
1332,275,85,107,303
1333,275,85,107,303
1334,275,85,107,303
1335,275,85,107,303
1336,275,85,107,303
1337,275,85,107,303
1338,275,85,107,303
1339,275,85,107,303
1340,265,85,110,301
1341,265,85,110,301
1342,265,85,110,301
1343,265,85,110,301
1344,265,85,110,301
1345,265,85,110,301
1346,265,85,110,301
1347,265,85,110,301
1348,265,85,110,301
1349,265,85,110,301
1350,252,65,111,327
1351,252,65,111,327
1352,252,65,111,327
1353,252,65,111,327
1354,252,65,111,327
1355,252,65,111,327
1356,252,65,111,327
1357,252,65,111,327
1358,252,65,111,327
1359,252,65,111,327
1360,241,63,124,332
1361,241,63,124,332
1362,241,63,124,332
1363,241,63,124,332
1364,241,63,124,332
1365,241,63,124,332
1366,241,63,124,332
1367,241,63,124,332
1368,241,63,124,332
1369,241,63,124,332
1370,236,71,148,320
1371,236,71,148,320
1372,236,71,148,320
1373,236,71,148,320
1374,236,71,148,320
1375,236,71,148,320
1376,236,71,148,320
1377,236,71,148,320
1378,236,71,148,320
1379,236,71,148,320
1380,252,90,164,293
1381,252,90,164,293
1382,252,90,164,293
1383,252,90,164,293
1384,252,90,164,293
1385,252,90,164,293
1386,252,90,164,293
1387,252,90,164,293
1388,252,90,164,293
1389,252,90,164,293
1390,281,120,146,265
1391,281,120,146,265
1392,281,120,146,265
1393,281,120,146,265
1394,281,120,146,265
1395,281,120,146,265
1396,281,120,146,265
1397,281,120,146,265
1398,281,120,146,265
1399,281,120,146,265
1400,297,176,158,230
1401,297,176,158,230
1402,297,176,158,230
1403,297,176,158,230
1404,297,176,158,230
1405,297,176,158,230
1406,297,176,158,230
1407,297,176,158,230
1408,297,176,158,230
1409,297,176,158,230
1410,301,195,161,235
1411,301,195,161,235
1412,301,195,161,235
1413,301,195,161,235
1414,301,195,161,235
1415,301,195,161,235
1416,301,195,161,235
1417,301,195,161,235
1418,301,195,161,235
1419,301,195,161,235
1420,305,183,188,250
1421,305,183,188,250
1422,305,183,188,250
1423,305,183,188,250
1424,305,183,188,250
1425,305,183,188,250
1426,305,183,188,250
1427,305,183,188,250
1428,305,183,188,250
1429,305,183,188,250
1430,309,164,189,251
1431,309,164,189,251
1432,309,164,189,251
1433,309,164,189,251
1434,309,164,189,251
1435,309,164,189,251
1436,309,164,189,251
1437,309,164,189,251
1438,309,164,189,251
1439,309,164,189,251
1440,309,165,186,252
1441,309,165,186,252
1442,309,165,186,252
1443,309,165,186,252
1444,309,165,186,252
1445,309,165,186,252
1446,309,165,186,252
1447,309,165,186,252
1448,309,165,186,252
1449,309,165,186,252
1450,308,165,187,250
1451,308,165,187,250
1452,308,165,187,250
1453,308,165,187,250
1454,308,165,187,250
1455,308,165,187,250
1456,308,165,187,250
1457,308,165,187,250
1458,308,165,187,250
1459,308,165,187,250
1460,308,161,188,255
1461,308,161,188,255
1462,308,161,188,255
1463,308,161,188,255
1464,308,161,188,255
1465,308,161,188,255
1466,308,161,188,255
1467,308,161,188,255
1468,308,161,188,255
1469,308,161,188,255
1470,306,160,191,260
1471,306,160,191,260
1472,306,160,191,260
1473,306,160,191,260
1474,306,160,191,260
1475,306,160,191,260
1476,306,160,191,260
1477,306,160,191,260
1478,306,160,191,260
1479,306,160,191,260
1480,302,159,199,263
1481,302,159,199,263
1482,302,159,199,263
1483,302,159,199,263
1484,302,159,199,263
1485,302,159,199,263
1486,302,159,199,263
1487,302,159,199,263
1488,302,159,199,263
1489,302,159,199,263
1490,298,166,205,270
1491,298,166,205,270
1492,298,166,205,270
1493,298,166,205,270
1494,298,166,205,270
1495,298,166,205,270
1496,298,166,205,270
1497,298,166,205,270
1498,298,166,205,270
1499,298,166,205,270
1500,284,171,291,257
1501,284,171,291,257
1502,284,171,291,257
1503,284,171,291,257
1504,284,171,291,257
1505,284,171,291,257
1506,284,171,291,257
1507,284,171,291,257
1508,284,171,291,257
1509,284,171,291,257
1510,290,175,352,255
1511,290,175,352,255
1512,290,175,352,255
1513,290,175,352,255
1514,290,175,352,255
1515,290,175,352,255
1516,290,175,352,255
1517,290,175,352,255
1518,290,175,352,255
1519,290,175,352,255
1520,291,183,352,246
1521,291,183,352,246
1522,291,183,352,246
1523,291,183,352,246
1524,291,183,352,246
1525,291,183,352,246
1526,291,183,352,246
1527,291,183,352,246
1528,291,183,352,246
1529,291,183,352,246
1530,292,173,357,258
1531,292,173,357,258
1532,292,173,357,258
1533,292,173,357,258
1534,292,173,357,258
1535,292,173,357,258
1536,292,173,357,258
1537,292,173,357,258
1538,292,173,357,258
1539,292,173,357,258
1540,296,174,229,256
1541,296,174,229,256
1542,296,174,229,256
1543,296,174,229,256
1544,296,174,229,256
1545,296,174,229,256
1546,296,174,229,256
1547,296,174,229,256
1548,296,174,229,256
1549,296,174,229,256
1550,304,167,197,245
1551,304,167,197,245
1552,304,167,197,245
1553,304,167,197,245
1554,304,167,197,245
1555,304,167,197,245
1556,304,167,197,245
1557,304,167,197,245
1558,304,167,197,245
1559,304,167,197,245
1560,306,171,189,238
1561,306,171,189,238
1562,306,171,189,238
1563,306,171,189,238
1564,306,171,189,238
1565,306,171,189,238
1566,306,171,189,238
1567,306,171,189,238
1568,306,171,189,238
1569,306,171,189,238
1570,300,167,199,269
1571,300,167,199,269
1572,300,167,199,269
1573,300,167,199,269
1574,300,167,199,269
1575,300,167,199,269
1576,300,167,199,269
1577,300,167,199,269
1578,300,167,199,269
1579,300,167,199,269
1580,302,166,196,270
1581,302,166,196,270
1582,302,166,196,270
1583,302,166,196,270
1584,302,166,196,270
1585,302,166,196,270
1586,302,166,196,270
1587,302,166,196,270
1588,302,166,196,270
1589,302,166,196,270
1590,304,164,194,273
1591,304,164,194,273
1592,304,164,194,273
1593,304,164,194,273
1594,304,164,194,273
1595,304,164,194,273
1596,304,164,194,273
1597,304,164,194,273
1598,304,164,194,273
1599,304,164,194,273
1600,305,170,189,266
1601,305,170,189,266
1602,305,170,189,266
1603,305,170,189,266
1604,305,170,189,266
1605,305,170,189,266
1606,305,170,189,266
1607,305,170,189,266
1608,305,170,189,266
1609,305,170,189,266
1610,304,170,191,265
1611,304,170,191,265
1612,304,170,191,265
1613,304,170,191,265
1614,304,170,191,265
1615,304,170,191,265
1616,304,170,191,265
1617,304,170,191,265
1618,304,170,191,265
1619,304,170,191,265
1620,304,170,192,266
1621,304,170,192,266
1622,304,170,192,266
1623,304,170,192,266
1624,304,170,192,266
1625,304,170,192,266
1626,304,170,192,266
1627,304,170,192,266
1628,304,170,192,266
1629,304,170,192,266
1630,305,169,190,267
1631,305,169,190,267
1632,305,169,190,267
1633,305,169,190,267
1634,305,169,190,267
1635,305,169,190,267
1636,305,169,190,267
1637,305,169,190,267
1638,305,169,190,267
1639,305,169,190,267
1640,302,167,195,270
1641,302,167,195,270
1642,302,167,195,270
1643,302,167,195,270
1644,302,167,195,270
1645,302,167,195,270
1646,302,167,195,270
1647,302,167,195,270
1648,302,167,195,270
1649,302,167,195,270
1650,303,166,193,272
1651,303,166,193,272
1652,303,166,193,272
1653,303,166,193,272
1654,303,166,193,272
1655,303,166,193,272
1656,303,166,193,272
1657,303,166,193,272
1658,303,166,193,272
1659,303,166,193,272
1660,302,165,195,273
1661,302,165,195,273
1662,302,165,195,273
1663,302,165,195,273
1664,302,165,195,273
1665,302,165,195,273
1666,302,165,195,273
1667,302,165,195,273
1668,302,165,195,273
1669,302,165,195,273
1670,306,170,190,266
1671,306,170,190,266
1672,306,170,190,266
1673,306,170,190,266
1674,306,170,190,266
1675,306,170,190,266
1676,306,170,190,266
1677,306,170,190,266
1678,306,170,190,266
1679,306,170,190,266
1680,304,166,192,271
1681,304,166,192,271
1682,304,166,192,271
1683,304,166,192,271
1684,304,166,192,271
1685,304,166,192,271
1686,304,166,192,271
1687,304,166,192,271
1688,304,166,192,271
1689,304,166,192,271
1690,304,169,192,266
1691,304,169,192,266
1692,304,169,192,266
1693,304,169,192,266
1694,304,169,192,266
1695,304,169,192,266
1696,304,169,192,266
1697,304,169,192,266
1698,304,169,192,266
1699,304,169,192,266
1700,306,169,187,267
1701,306,169,187,267
1702,306,169,187,267
1703,306,169,187,267
1704,306,169,187,267
1705,306,169,187,267
1706,306,169,187,267
1707,306,169,187,267
1708,306,169,187,267
1709,306,169,187,267
1710,307,194,160,227
1711,307,194,160,227
1712,307,194,160,227
1713,307,194,160,227
1714,307,194,160,227
1715,307,194,160,227
1716,307,194,160,227
1717,307,194,160,227
1718,307,194,160,227
1719,307,194,160,227
1720,302,155,158,253
1721,302,155,158,253
1722,302,155,158,253
1723,302,155,158,253
1724,302,155,158,253
1725,302,155,158,253
1726,302,155,158,253
1727,302,155,158,253
1728,302,155,158,253
1729,302,155,158,253
1730,289,116,146,273
1731,289,116,146,273
1732,289,116,146,273
1733,289,116,146,273
1734,289,116,146,273
1735,289,116,146,273
1736,289,116,146,273
1737,289,116,146,273
1738,289,116,146,273
1739,289,116,146,273
1740,278,67,141,331
1741,278,67,141,331
1742,278,67,141,331
1743,278,67,141,331
1744,278,67,141,331
1745,278,67,141,331
1746,278,67,141,331
1747,278,67,141,331
1748,278,67,141,331
1749,278,67,141,331
1750,256,43,147,368
1751,256,43,147,368
1752,256,43,147,368
1753,256,43,147,368
1754,256,43,147,368
1755,256,43,147,368
1756,256,43,147,368
1757,256,43,147,368
1758,256,43,147,368
1759,256,43,147,368
1760,218,44,176,339
1761,218,44,176,339
1762,218,44,176,339
1763,218,44,176,339
1764,218,44,176,339
1765,218,44,176,339
1766,218,44,176,339
1767,218,44,176,339
1768,218,44,176,339
1769,218,44,176,339
1770,210,47,187,335
1771,210,47,187,335
1772,210,47,187,335
1773,210,47,187,335
1774,210,47,187,335
1775,210,47,187,335
1776,210,47,187,335
1777,210,47,187,335
1778,210,47,187,335
1779,210,47,187,335
1780,232,57,138,343
1781,232,57,138,343
1782,232,57,138,343
1783,232,57,138,343
1784,232,57,138,343
1785,232,57,138,343
1786,232,57,138,343
1787,232,57,138,343
1788,232,57,138,343
1789,232,57,138,343
1790,236,58,126,343
1791,236,58,126,343
1792,236,58,126,343
1793,236,58,126,343
1794,236,58,126,343
1795,236,58,126,343
1796,236,58,126,343
1797,236,58,126,343
1798,236,58,126,343
1799,236,58,126,343
1800,222,67,125,336
1801,222,67,125,336
1802,222,67,125,336
1803,222,67,125,336
1804,222,67,125,336
1805,222,67,125,336
1806,222,67,125,336
1807,222,67,125,336
1808,222,67,125,336
1809,222,67,125,336
1810,208,83,128,310
1811,208,83,128,310
1812,208,83,128,310
1813,208,83,128,310
1814,208,83,128,310
1815,208,83,128,310
1816,208,83,128,310
1817,208,83,128,310
1818,208,83,128,310
1819,208,83,128,310
1820,201,95,124,294
1821,201,95,124,294
1822,201,95,124,294
1823,201,95,124,294
1824,201,95,124,294
1825,201,95,124,294
1826,201,95,124,294
1827,201,95,124,294
1828,201,95,124,294
1829,201,95,124,294
1830,191,99,119,294
1831,191,99,119,294
1832,191,99,119,294
1833,191,99,119,294
1834,191,99,119,294
1835,191,99,119,294
1836,191,99,119,294
1837,191,99,119,294
1838,191,99,119,294
1839,191,99,119,294
1840,193,101,113,282
1841,193,101,113,282
1842,193,101,113,282
1843,193,101,113,282
1844,193,101,113,282
1845,193,101,113,282
1846,193,101,113,282
1847,193,101,113,282
1848,193,101,113,282
1849,193,101,113,282
1850,196,103,122,285
1851,196,103,122,285
1852,196,103,122,285
1853,196,103,122,285
1854,196,103,122,285
1855,196,103,122,285
1856,196,103,122,285
1857,196,103,122,285
1858,196,103,122,285
1859,196,103,122,285
1860,203,106,119,279
1861,203,106,119,279
1862,203,106,119,279
1863,203,106,119,279
1864,203,106,119,279
1865,203,106,119,279
1866,203,106,119,279
1867,203,106,119,279
1868,203,106,119,279
1869,203,106,119,279
1870,221,103,106,279
1871,221,103,106,279
1872,221,103,106,279
1873,221,103,106,279
1874,221,103,106,279
1875,221,103,106,279
1876,221,103,106,279
1877,221,103,106,279
1878,221,103,106,279
1879,221,103,106,279
1880,225,107,105,275
1881,225,107,105,275
1882,225,107,105,275
1883,225,107,105,275
1884,225,107,105,275
1885,225,107,105,275
1886,225,107,105,275
1887,225,107,105,275
1888,225,107,105,275
1889,225,107,105,275
1890,231,106,102,280
1891,231,106,102,280
1892,231,106,102,280
1893,231,106,102,280
1894,231,106,102,280
1895,231,106,102,280
1896,231,106,102,280
1897,231,106,102,280
1898,231,106,102,280
1899,231,106,102,280
1900,219,102,127,286
1901,219,102,127,286
1902,219,102,127,286
1903,219,102,127,286
1904,219,102,127,286
1905,219,102,127,286
1906,219,102,127,286
1907,219,102,127,286
1908,219,102,127,286
1909,219,102,127,286
1910,205,99,133,281
1911,205,99,133,281
1912,205,99,133,281
1913,205,99,133,281
1914,205,99,133,281
1915,205,99,133,281
1916,205,99,133,281
1917,205,99,133,281
1918,205,99,133,281
1919,205,99,133,281
1920,220,94,108,292
1921,220,94,108,292
1922,220,94,108,292
1923,220,94,108,292
1924,220,94,108,292
1925,220,94,108,292
1926,220,94,108,292
1927,220,94,108,292
1928,220,94,108,292
1929,220,94,108,292
1930,230,92,113,298
1931,230,92,113,298
1932,230,92,113,298
1933,230,92,113,298
1934,230,92,113,298
1935,230,92,113,298
1936,230,92,113,298
1937,230,92,113,298
1938,230,92,113,298
1939,230,92,113,298
1940,247,99,118,295
1941,247,99,118,295
1942,247,99,118,295
1943,247,99,118,295
1944,247,99,118,295
1945,247,99,118,295
1946,247,99,118,295
1947,247,99,118,295
1948,247,99,118,295
1949,247,99,118,295
1950,250,94,118,290
1951,250,94,118,290
1952,250,94,118,290
1953,250,94,118,290
1954,250,94,118,290
1955,250,94,118,290
1956,250,94,118,290
1957,250,94,118,290
1958,250,94,118,290
1959,250,94,118,290
1960,273,82,117,306
1961,273,82,117,306
1962,273,82,117,306
1963,273,82,117,306
1964,273,82,117,306
1965,273,82,117,306
1966,273,82,117,306
1967,273,82,117,306
1968,273,82,117,306
1969,273,82,117,306
1970,294,76,121,325
1971,294,76,121,325
1972,294,76,121,325
1973,294,76,121,325
1974,294,76,121,325
1975,294,76,121,325
1976,294,76,121,325
1977,294,76,121,325
1978,294,76,121,325
1979,294,76,121,325
1980,298,67,146,319
1981,298,67,146,319
1982,298,67,146,319
1983,298,67,146,319
1984,298,67,146,319
1985,298,67,146,319
1986,298,67,146,319
1987,298,67,146,319
1988,298,67,146,319
1989,298,67,146,319
1990,313,54,150,346
1991,313,54,150,346
1992,313,54,150,346
1993,313,54,150,346
1994,313,54,150,346
1995,313,54,150,346
1996,313,54,150,346
1997,313,54,150,346
1998,313,54,150,346
1999,313,54,150,346
2000,334,71,136,317
2001,334,71,136,317
2002,334,71,136,317
2003,334,71,136,317
2004,334,71,136,317
2005,334,71,136,317
2006,334,71,136,317
2007,334,71,136,317
2008,334,71,136,317
2009,334,71,136,317
2010,325,115,179,265
2011,325,115,179,265
2012,325,115,179,265
2013,325,115,179,265
2014,325,115,179,265
2015,325,115,179,265
2016,325,115,179,265
2017,325,115,179,265
2018,325,115,179,265
2019,325,115,179,265
2020,313,175,217,221
2021,313,175,217,221
2022,313,175,217,221
2023,313,175,217,221
2024,313,175,217,221
2025,313,175,217,221
2026,313,175,217,221
2027,313,175,217,221
2028,313,175,217,221
2029,313,175,217,221
2030,341,218,238,181
2031,341,218,238,181
2032,341,218,238,181
2033,341,218,238,181
2034,341,218,238,181
2035,341,218,238,181
2036,341,218,238,181
2037,341,218,238,181
2038,341,218,238,181
2039,341,218,238,181
2040,392,209,224,202
2041,392,209,224,202
2042,392,209,224,202
2043,392,209,224,202
2044,392,209,224,202
2045,392,209,224,202
2046,392,209,224,202
2047,392,209,224,202
2048,392,209,224,202
2049,392,209,224,202
2050,429,187,180,227
2051,429,187,180,227
2052,429,187,180,227
2053,429,187,180,227
2054,429,187,180,227
2055,429,187,180,227
2056,429,187,180,227
2057,429,187,180,227
2058,429,187,180,227
2059,429,187,180,227
2060,400,195,233,211
2061,400,195,233,211
2062,400,195,233,211
2063,400,195,233,211
2064,400,195,233,211
2065,400,195,233,211
2066,400,195,233,211
2067,400,195,233,211
2068,400,195,233,211
2069,400,195,233,211
2070,0,0,0,0
2071,0,0,0,0
2072,0,0,0,0
2073,0,0,0,0
2074,0,0,0,0
2075,0,0,0,0
2076,0,0,0,0
2077,0,0,0,0
2078,0,0,0,0
2079,0,0,0,0
2080,0,0,0,0
2081,0,0,0,0
2082,0,0,0,0
2083,0,0,0,0
2084,0,0,0,0
2085,0,0,0,0
2086,0,0,0,0
2087,0,0,0,0
2088,0,0,0,0
2089,0,0,0,0
2090,0,0,0,0
2091,0,0,0,0
2092,0,0,0,0
2093,0,0,0,0
2094,0,0,0,0
2095,0,0,0,0
2096,0,0,0,0
2097,0,0,0,0
2098,0,0,0,0
2099,0,0,0,0
2100,0,0,0,0
2101,0,0,0,0
2102,0,0,0,0
2103,0,0,0,0
2104,0,0,0,0
2105,0,0,0,0
2106,0,0,0,0
2107,0,0,0,0
2108,0,0,0,0
2109,0,0,0,0
2110,0,0,0,0
2111,0,0,0,0
2112,0,0,0,0
2113,0,0,0,0
2114,0,0,0,0
2115,0,0,0,0
2116,0,0,0,0
2117,0,0,0,0
2118,0,0,0,0
2119,0,0,0,0
2120,0,0,0,0
2121,0,0,0,0
2122,0,0,0,0
2123,0,0,0,0
2124,0,0,0,0
2125,0,0,0,0
2126,0,0,0,0
2127,0,0,0,0
2128,0,0,0,0
2129,0,0,0,0
2130,0,0,0,0
2131,0,0,0,0
2132,0,0,0,0
2133,0,0,0,0
2134,0,0,0,0
2135,0,0,0,0
2136,0,0,0,0
2137,0,0,0,0
2138,0,0,0,0
2139,0,0,0,0
2140,0,0,0,0
2141,0,0,0,0
2142,0,0,0,0
2143,0,0,0,0
2144,0,0,0,0
2145,0,0,0,0
2146,0,0,0,0
2147,0,0,0,0
2148,0,0,0,0
2149,0,0,0,0
2150,0,0,0,0
2151,0,0,0,0
2152,0,0,0,0
2153,0,0,0,0
2154,0,0,0,0
2155,0,0,0,0
2156,0,0,0,0
2157,0,0,0,0
2158,0,0,0,0
2159,0,0,0,0
2160,0,0,0,0
2161,0,0,0,0
2162,0,0,0,0
2163,0,0,0,0
2164,0,0,0,0
2165,0,0,0,0
2166,0,0,0,0
2167,0,0,0,0
2168,0,0,0,0
2169,0,0,0,0
2170,466,266,169,149
2171,466,266,169,149
2172,466,266,169,149
2173,466,266,169,149
2174,466,266,169,149
2175,466,266,169,149
2176,466,266,169,149
2177,466,266,169,149
2178,466,266,169,149
2179,466,266,169,149
2180,0,0,0,0
2181,0,0,0,0
2182,0,0,0,0
2183,0,0,0,0
2184,0,0,0,0
2185,0,0,0,0
2186,0,0,0,0
2187,0,0,0,0
2188,0,0,0,0
2189,0,0,0,0
2190,0,0,0,0
2191,0,0,0,0
2192,0,0,0,0
2193,0,0,0,0
2194,0,0,0,0
2195,0,0,0,0
2196,0,0,0,0
2197,0,0,0,0
2198,0,0,0,0
2199,0,0,0,0
2200,0,0,0,0
2201,0,0,0,0
2202,0,0,0,0
2203,0,0,0,0
2204,0,0,0,0
2205,0,0,0,0
2206,0,0,0,0
2207,0,0,0,0
2208,0,0,0,0
2209,0,0,0,0
2210,0,0,0,0
2211,0,0,0,0
2212,0,0,0,0
2213,0,0,0,0
2214,0,0,0,0
2215,0,0,0,0
2216,0,0,0,0
2217,0,0,0,0
2218,0,0,0,0
2219,0,0,0,0
2220,0,0,0,0
2221,0,0,0,0
2222,0,0,0,0
2223,0,0,0,0
2224,0,0,0,0
2225,0,0,0,0
2226,0,0,0,0
2227,0,0,0,0
2228,0,0,0,0
2229,0,0,0,0
2230,459,268,179,147
2231,459,268,179,147
2232,459,268,179,147
2233,459,268,179,147
2234,459,268,179,147
2235,459,268,179,147
2236,459,268,179,147
2237,459,268,179,147
2238,459,268,179,147
2239,459,268,179,147
2240,0,0,0,0
2241,0,0,0,0
2242,0,0,0,0
2243,0,0,0,0
2244,0,0,0,0
2245,0,0,0,0
2246,0,0,0,0
2247,0,0,0,0
2248,0,0,0,0
2249,0,0,0,0
2250,0,0,0,0
2251,0,0,0,0
2252,0,0,0,0
2253,0,0,0,0
2254,0,0,0,0
2255,0,0,0,0
2256,0,0,0,0
2257,0,0,0,0
2258,0,0,0,0
2259,0,0,0,0
2260,0,0,0,0
2261,0,0,0,0
2262,0,0,0,0
2263,0,0,0,0
2264,0,0,0,0
2265,0,0,0,0
2266,0,0,0,0
2267,0,0,0,0
2268,0,0,0,0
2269,0,0,0,0
2270,0,0,0,0
2271,0,0,0,0
2272,0,0,0,0
2273,0,0,0,0
2274,0,0,0,0
2275,0,0,0,0
2276,0,0,0,0
2277,0,0,0,0
2278,0,0,0,0
2279,0,0,0,0
2280,0,0,0,0
2281,0,0,0,0
2282,0,0,0,0
2283,0,0,0,0
2284,0,0,0,0
2285,0,0,0,0
2286,0,0,0,0
2287,0,0,0,0
2288,0,0,0,0
2289,0,0,0,0
2290,0,0,0,0
2291,0,0,0,0
2292,0,0,0,0
2293,0,0,0,0
2294,0,0,0,0
2295,0,0,0,0
2296,0,0,0,0
2297,0,0,0,0
2298,0,0,0,0
2299,0,0,0,0
2300,0,0,0,0
2301,0,0,0,0
2302,0,0,0,0
2303,0,0,0,0
2304,0,0,0,0
2305,0,0,0,0
2306,0,0,0,0
2307,0,0,0,0
2308,0,0,0,0
2309,0,0,0,0
2310,463,270,174,146
2311,463,270,174,146
2312,463,270,174,146
2313,463,270,174,146
2314,463,270,174,146
2315,463,270,174,146
2316,463,270,174,146
2317,463,270,174,146
2318,463,270,174,146
2319,463,270,174,146
2320,460,267,177,147
2321,460,267,177,147
2322,460,267,177,147
2323,460,267,177,147
2324,460,267,177,147
2325,460,267,177,147
2326,460,267,177,147
2327,460,267,177,147
2328,460,267,177,147
2329,460,267,177,147
2330,463,270,174,144
2331,463,270,174,144
2332,463,270,174,144
2333,463,270,174,144
2334,463,270,174,144
2335,463,270,174,144
2336,463,270,174,144
2337,463,270,174,144
2338,463,270,174,144
2339,463,270,174,144
2340,463,269,176,146
2341,463,269,176,146
2342,463,269,176,146
2343,463,269,176,146
2344,463,269,176,146
2345,463,269,176,146
2346,463,269,176,146
2347,463,269,176,146
2348,463,269,176,146
2349,463,269,176,146
2350,467,265,171,153
2351,467,265,171,153
2352,467,265,171,153
2353,467,265,171,153
2354,467,265,171,153
2355,467,265,171,153
2356,467,265,171,153
2357,467,265,171,153
2358,467,265,171,153
2359,467,265,171,153
2360,460,269,177,147
2361,460,269,177,147
2362,460,269,177,147
2363,460,269,177,147
2364,460,269,177,147
2365,460,269,177,147
2366,460,269,177,147
2367,460,269,177,147
2368,460,269,177,147
2369,460,269,177,147
2370,429,260,213,174
2371,429,260,213,174
2372,429,260,213,174
2373,429,260,213,174
2374,429,260,213,174
2375,429,260,213,174
2376,429,260,213,174
2377,429,260,213,174
2378,429,260,213,174
2379,429,260,213,174
2380,0,0,0,0
2381,0,0,0,0
2382,0,0,0,0
2383,0,0,0,0
2384,0,0,0,0
2385,0,0,0,0
2386,0,0,0,0
2387,0,0,0,0
2388,0,0,0,0
2389,0,0,0,0
2390,334,336,287,79
2391,334,336,287,79
2392,334,336,287,79
2393,334,336,287,79
2394,334,336,287,79
2395,334,336,287,79
2396,334,336,287,79
2397,334,336,287,79
2398,334,336,287,79
2399,334,336,287,79
2400,324,339,308,78
2401,324,339,308,78
2402,324,339,308,78
2403,324,339,308,78
2404,324,339,308,78
2405,324,339,308,78
2406,324,339,308,78
2407,324,339,308,78
2408,324,339,308,78
2409,324,339,308,78
2410,303,331,349,92
2411,303,331,349,92
2412,303,331,349,92
2413,303,331,349,92
2414,303,331,349,92
2415,303,331,349,92
2416,303,331,349,92
2417,303,331,349,92
2418,303,331,349,92
2419,303,331,349,92
2420,315,309,335,107
2421,315,309,335,107
2422,315,309,335,107
2423,315,309,335,107
2424,315,309,335,107
2425,315,309,335,107
2426,315,309,335,107
2427,315,309,335,107
2428,315,309,335,107
2429,315,309,335,107
2430,321,307,322,109
2431,321,307,322,109
2432,321,307,322,109
2433,321,307,322,109
2434,321,307,322,109
2435,321,307,322,109
2436,321,307,322,109
2437,321,307,322,109
2438,321,307,322,109
2439,321,307,322,109
2440,308,333,340,89
2441,308,333,340,89
2442,308,333,340,89
2443,308,333,340,89
2444,308,333,340,89
2445,308,333,340,89
2446,308,333,340,89
2447,308,333,340,89
2448,308,333,340,89
2449,308,333,340,89
2450,306,334,342,92
2451,306,334,342,92
2452,306,334,342,92
2453,306,334,342,92
2454,306,334,342,92
2455,306,334,342,92
2456,306,334,342,92
2457,306,334,342,92
2458,306,334,342,92
2459,306,334,342,92
2460,297,334,349,89
2461,297,334,349,89
2462,297,334,349,89
2463,297,334,349,89
2464,297,334,349,89
2465,297,334,349,89
2466,297,334,349,89
2467,297,334,349,89
2468,297,334,349,89
2469,297,334,349,89
2470,295,333,351,90
2471,295,333,351,90
2472,295,333,351,90
2473,295,333,351,90
2474,295,333,351,90
2475,295,333,351,90
2476,295,333,351,90
2477,295,333,351,90
2478,295,333,351,90
2479,295,333,351,90
2480,309,335,336,88
2481,309,335,336,88
2482,309,335,336,88
2483,309,335,336,88
2484,309,335,336,88
2485,309,335,336,88
2486,309,335,336,88
2487,309,335,336,88
2488,309,335,336,88
2489,309,335,336,88
2490,302,336,344,88
2491,302,336,344,88
2492,302,336,344,88
2493,302,336,344,88
2494,302,336,344,88
2495,302,336,344,88
2496,302,336,344,88
2497,302,336,344,88
2498,302,336,344,88
2499,302,336,344,88
2500,303,333,342,89
2501,303,333,342,89
2502,303,333,342,89
2503,303,333,342,89
2504,303,333,342,89
2505,303,333,342,89
2506,303,333,342,89
2507,303,333,342,89
2508,303,333,342,89
2509,303,333,342,89
2510,303,335,346,89
2511,303,335,346,89
2512,303,335,346,89
2513,303,335,346,89
2514,303,335,346,89
2515,303,335,346,89
2516,303,335,346,89
2517,303,335,346,89
2518,303,335,346,89
2519,303,335,346,89
2520,305,336,341,87
2521,305,336,341,87
2522,305,336,341,87
2523,305,336,341,87
2524,305,336,341,87
2525,305,336,341,87
2526,305,336,341,87
2527,305,336,341,87
2528,305,336,341,87
2529,305,336,341,87
2530,368,336,276,84
2531,368,336,276,84
2532,368,336,276,84
2533,368,336,276,84
2534,368,336,276,84
2535,368,336,276,84
2536,368,336,276,84
2537,368,336,276,84
2538,368,336,276,84
2539,368,336,276,84
2540,306,333,337,91
2541,306,333,337,91
2542,306,333,337,91
2543,306,333,337,91
2544,306,333,337,91
2545,306,333,337,91
2546,306,333,337,91
2547,306,333,337,91
2548,306,333,337,91
2549,306,333,337,91
2550,306,335,340,90
2551,306,335,340,90
2552,306,335,340,90
2553,306,335,340,90
2554,306,335,340,90
2555,306,335,340,90
2556,306,335,340,90
2557,306,335,340,90
2558,306,335,340,90
2559,306,335,340,90
2560,304,335,342,89
2561,304,335,342,89
2562,304,335,342,89
2563,304,335,342,89
2564,304,335,342,89
2565,304,335,342,89
2566,304,335,342,89
2567,304,335,342,89
2568,304,335,342,89
2569,304,335,342,89
2570,300,334,347,91
2571,300,334,347,91
2572,300,334,347,91
2573,300,334,347,91
2574,300,334,347,91
2575,300,334,347,91
2576,300,334,347,91
2577,300,334,347,91
2578,300,334,347,91
2579,300,334,347,91
2580,300,334,347,89
2581,300,334,347,89
2582,300,334,347,89
2583,300,334,347,89
2584,300,334,347,89
2585,300,334,347,89
2586,300,334,347,89
2587,300,334,347,89
2588,300,334,347,89
2589,300,334,347,89
2590,306,334,335,87
2591,306,334,335,87
2592,306,334,335,87
2593,306,334,335,87
2594,306,334,335,87
2595,306,334,335,87
2596,306,334,335,87
2597,306,334,335,87
2598,306,334,335,87
2599,306,334,335,87
2600,306,335,340,89
2601,306,335,340,89
2602,306,335,340,89
2603,306,335,340,89
2604,306,335,340,89
2605,306,335,340,89
2606,306,335,340,89
2607,306,335,340,89
2608,306,335,340,89
2609,306,335,340,89
2610,304,335,341,89
2611,304,335,341,89
2612,304,335,341,89
2613,304,335,341,89
2614,304,335,341,89
2615,304,335,341,89
2616,304,335,341,89
2617,304,335,341,89
2618,304,335,341,89
2619,304,335,341,89
2620,309,334,335,90
2621,309,334,335,90
2622,309,334,335,90
2623,309,334,335,90
2624,309,334,335,90
2625,309,334,335,90
2626,309,334,335,90
2627,309,334,335,90
2628,309,334,335,90
2629,309,334,335,90
2630,306,335,337,86
2631,306,335,337,86
2632,306,335,337,86
2633,306,335,337,86
2634,306,335,337,86
2635,306,335,337,86
2636,306,335,337,86
2637,306,335,337,86
2638,306,335,337,86
2639,306,335,337,86
2640,304,334,342,90
2641,304,334,342,90
2642,304,334,342,90
2643,304,334,342,90
2644,304,334,342,90
2645,304,334,342,90
2646,304,334,342,90
2647,304,334,342,90
2648,304,334,342,90
2649,304,334,342,90
2650,301,335,345,90
2651,301,335,345,90
2652,301,335,345,90
2653,301,335,345,90
2654,301,335,345,90
2655,301,335,345,90
2656,301,335,345,90
2657,301,335,345,90
2658,301,335,345,90
2659,301,335,345,90
2660,303,337,344,86
2661,303,337,344,86
2662,303,337,344,86
2663,303,337,344,86
2664,303,337,344,86
2665,303,337,344,86
2666,303,337,344,86
2667,303,337,344,86
2668,303,337,344,86
2669,303,337,344,86
2670,306,335,338,87
2671,306,335,338,87
2672,306,335,338,87
2673,306,335,338,87
2674,306,335,338,87
2675,306,335,338,87
2676,306,335,338,87
2677,306,335,338,87
2678,306,335,338,87
2679,306,335,338,87
2680,305,333,342,90
2681,305,333,342,90
2682,305,333,342,90
2683,305,333,342,90
2684,305,333,342,90
2685,305,333,342,90
2686,305,333,342,90
2687,305,333,342,90
2688,305,333,342,90
2689,305,333,342,90
2690,299,335,350,89
2691,299,335,350,89
2692,299,335,350,89
2693,299,335,350,89
2694,299,335,350,89
2695,299,335,350,89
2696,299,335,350,89
2697,299,335,350,89
2698,299,335,350,89
2699,299,335,350,89
2700,305,334,341,91
2701,305,334,341,91
2702,305,334,341,91
2703,305,334,341,91
2704,305,334,341,91
2705,305,334,341,91
2706,305,334,341,91
2707,305,334,341,91
2708,305,334,341,91
2709,305,334,341,91
2710,304,334,337,91
2711,304,334,337,91
2712,304,334,337,91
2713,304,334,337,91
2714,304,334,337,91
2715,304,334,337,91
2716,304,334,337,91
2717,304,334,337,91
2718,304,334,337,91
2719,304,334,337,91
2720,300,334,347,90
2721,300,334,347,90
2722,300,334,347,90
2723,300,334,347,90
2724,300,334,347,90
2725,300,334,347,90
2726,300,334,347,90
2727,300,334,347,90
2728,300,334,347,90
2729,300,334,347,90
2730,369,338,276,85
2731,369,338,276,85
2732,369,338,276,85
2733,369,338,276,85
2734,369,338,276,85
2735,369,338,276,85
2736,369,338,276,85
2737,369,338,276,85
2738,369,338,276,85
2739,369,338,276,85
2740,0,0,0,0
2741,0,0,0,0
2742,0,0,0,0
2743,0,0,0,0
2744,0,0,0,0
2745,0,0,0,0
2746,0,0,0,0
2747,0,0,0,0
2748,0,0,0,0
2749,0,0,0,0
2750,324,268,312,157
2751,324,268,312,157
2752,324,268,312,157
2753,324,268,312,157
2754,324,268,312,157
2755,324,268,312,157
2756,324,268,312,157
2757,324,268,312,157
2758,324,268,312,157
2759,324,268,312,157
2760,0,0,0,0
2761,0,0,0,0
2762,0,0,0,0
2763,0,0,0,0
2764,0,0,0,0
2765,0,0,0,0
2766,0,0,0,0
2767,0,0,0,0
2768,0,0,0,0
2769,0,0,0,0
2770,0,0,0,0
2771,0,0,0,0
2772,0,0,0,0
2773,0,0,0,0
2774,0,0,0,0
2775,0,0,0,0
2776,0,0,0,0
2777,0,0,0,0
2778,0,0,0,0
2779,0,0,0,0
2780,0,0,0,0
2781,0,0,0,0
2782,0,0,0,0
2783,0,0,0,0
2784,0,0,0,0
2785,0,0,0,0
2786,0,0,0,0
2787,0,0,0,0
2788,0,0,0,0
2789,0,0,0,0
2790,366,209,272,195
2791,366,209,272,195
2792,366,209,272,195
2793,366,209,272,195
2794,366,209,272,195
2795,366,209,272,195
2796,366,209,272,195
2797,366,209,272,195
2798,366,209,272,195
2799,366,209,272,195
2800,379,205,264,203
2801,379,205,264,203
2802,379,205,264,203
2803,379,205,264,203
2804,379,205,264,203
2805,379,205,264,203
2806,379,205,264,203
2807,379,205,264,203
2808,379,205,264,203
2809,379,205,264,203
2810,433,200,202,212
2811,433,200,202,212
2812,433,200,202,212
2813,433,200,202,212
2814,433,200,202,212
2815,433,200,202,212
2816,433,200,202,212
2817,433,200,202,212
2818,433,200,202,212
2819,433,200,202,212
2820,434,200,194,218
2821,434,200,194,218
2822,434,200,194,218
2823,434,200,194,218
2824,434,200,194,218
2825,434,200,194,218
2826,434,200,194,218
2827,434,200,194,218
2828,434,200,194,218
2829,434,200,194,218
2830,425,209,181,205
2831,425,209,181,205
2832,425,209,181,205
2833,425,209,181,205
2834,425,209,181,205
2835,425,209,181,205
2836,425,209,181,205
2837,425,209,181,205
2838,425,209,181,205
2839,425,209,181,205
2840,410,209,187,203
2841,410,209,187,203
2842,410,209,187,203
2843,410,209,187,203
2844,410,209,187,203
2845,410,209,187,203
2846,410,209,187,203
2847,410,209,187,203
2848,410,209,187,203
2849,410,209,187,203
2850,381,172,196,221
2851,381,172,196,221
2852,381,172,196,221
2853,381,172,196,221
2854,381,172,196,221
2855,381,172,196,221
2856,381,172,196,221
2857,381,172,196,221
2858,381,172,196,221
2859,381,172,196,221
2860,380,115,166,267
2861,380,115,166,267
2862,380,115,166,267
2863,380,115,166,267
2864,380,115,166,267
2865,380,115,166,267
2866,380,115,166,267
2867,380,115,166,267
2868,380,115,166,267
2869,380,115,166,267
2870,353,81,151,296
2871,353,81,151,296
2872,353,81,151,296
2873,353,81,151,296
2874,353,81,151,296
2875,353,81,151,296
2876,353,81,151,296
2877,353,81,151,296
2878,353,81,151,296
2879,353,81,151,296
2880,342,70,151,313
2881,342,70,151,313
2882,342,70,151,313
2883,342,70,151,313
2884,342,70,151,313
2885,342,70,151,313
2886,342,70,151,313
2887,342,70,151,313
2888,342,70,151,313
2889,342,70,151,313
2890,330,72,163,312
2891,330,72,163,312
2892,330,72,163,312
2893,330,72,163,312
2894,330,72,163,312
2895,330,72,163,312
2896,330,72,163,312
2897,330,72,163,312
2898,330,72,163,312
2899,330,72,163,312
2900,323,78,151,311
2901,323,78,151,311
2902,323,78,151,311
2903,323,78,151,311
2904,323,78,151,311
2905,323,78,151,311
2906,323,78,151,311
2907,323,78,151,311
2908,323,78,151,311
2909,323,78,151,311
2910,303,78,136,306
2911,303,78,136,306
2912,303,78,136,306
2913,303,78,136,306
2914,303,78,136,306
2915,303,78,136,306
2916,303,78,136,306
2917,303,78,136,306
2918,303,78,136,306
2919,303,78,136,306
2920,295,82,131,307
2921,295,82,131,307
2922,295,82,131,307
2923,295,82,131,307
2924,295,82,131,307
2925,295,82,131,307
2926,295,82,131,307
2927,295,82,131,307
2928,295,82,131,307
2929,295,82,131,307
2930,281,93,115,299
2931,281,93,115,299
2932,281,93,115,299
2933,281,93,115,299
2934,281,93,115,299
2935,281,93,115,299
2936,281,93,115,299
2937,281,93,115,299
2938,281,93,115,299
2939,281,93,115,299
2940,262,95,109,294
2941,262,95,109,294
2942,262,95,109,294
2943,262,95,109,294
2944,262,95,109,294
2945,262,95,109,294
2946,262,95,109,294
2947,262,95,109,294
2948,262,95,109,294
2949,262,95,109,294
2950,249,98,115,286
2951,249,98,115,286
2952,249,98,115,286
2953,249,98,115,286
2954,249,98,115,286
2955,249,98,115,286
2956,249,98,115,286
2957,249,98,115,286
2958,249,98,115,286
2959,249,98,115,286
2960,233,100,106,293
2961,233,100,106,293
2962,233,100,106,293
2963,233,100,106,293
2964,233,100,106,293
2965,233,100,106,293
2966,233,100,106,293
2967,233,100,106,293
2968,233,100,106,293
2969,233,100,106,293
2970,214,97,112,285
2971,214,97,112,285
2972,214,97,112,285
2973,214,97,112,285
2974,214,97,112,285
2975,214,97,112,285
2976,214,97,112,285
2977,214,97,112,285
2978,214,97,112,285
2979,214,97,112,285
2980,202,105,107,271
2981,202,105,107,271
2982,202,105,107,271
2983,202,105,107,271
2984,202,105,107,271
2985,202,105,107,271
2986,202,105,107,271
2987,202,105,107,271
2988,202,105,107,271
2989,202,105,107,271
2990,175,104,117,278
2991,175,104,117,278
2992,175,104,117,278
2993,175,104,117,278
2994,175,104,117,278
2995,175,104,117,278
2996,175,104,117,278
2997,175,104,117,278
2998,175,104,117,278
2999,175,104,117,278
3000,200,105,66,254
3001,200,105,66,254
3002,200,105,66,254
3003,200,105,66,254
3004,200,105,66,254
3005,200,105,66,254
3006,200,105,66,254
3007,200,105,66,254
3008,200,105,66,254
3009,200,105,66,254
3010,187,103,75,262
3011,187,103,75,262
3012,187,103,75,262
3013,187,103,75,262
3014,187,103,75,262
3015,187,103,75,262
3016,187,103,75,262
3017,187,103,75,262
3018,187,103,75,262
3019,187,103,75,262
3020,164,102,106,270
3021,164,102,106,270
3022,164,102,106,270
3023,164,102,106,270
3024,164,102,106,270
3025,164,102,106,270
3026,164,102,106,270
3027,164,102,106,270
3028,164,102,106,270
3029,164,102,106,270
3030,160,103,119,260
3031,160,103,119,260
3032,160,103,119,260
3033,160,103,119,260
3034,160,103,119,260
3035,160,103,119,260
3036,160,103,119,260
3037,160,103,119,260
3038,160,103,119,260
3039,160,103,119,260
3040,169,100,129,274
3041,169,100,129,274
3042,169,100,129,274
3043,169,100,129,274
3044,169,100,129,274
3045,169,100,129,274
3046,169,100,129,274
3047,169,100,129,274
3048,169,100,129,274
3049,169,100,129,274
3050,176,101,120,275
3051,176,101,120,275
3052,176,101,120,275
3053,176,101,120,275
3054,176,101,120,275
3055,176,101,120,275
3056,176,101,120,275
3057,176,101,120,275
3058,176,101,120,275
3059,176,101,120,275
3060,203,112,106,265
3061,203,112,106,265
3062,203,112,106,265
3063,203,112,106,265
3064,203,112,106,265
3065,203,112,106,265
3066,203,112,106,265
3067,203,112,106,265
3068,203,112,106,265
3069,203,112,106,265
3070,219,104,103,271
3071,219,104,103,271
3072,219,104,103,271
3073,219,104,103,271
3074,219,104,103,271
3075,219,104,103,271
3076,219,104,103,271
3077,219,104,103,271
3078,219,104,103,271
3079,219,104,103,271
3080,234,104,104,284
3081,234,104,104,284
3082,234,104,104,284
3083,234,104,104,284
3084,234,104,104,284
3085,234,104,104,284
3086,234,104,104,284
3087,234,104,104,284
3088,234,104,104,284
3089,234,104,104,284
3090,256,106,90,292
3091,256,106,90,292
3092,256,106,90,292
3093,256,106,90,292
3094,256,106,90,292
3095,256,106,90,292
3096,256,106,90,292
3097,256,106,90,292
3098,256,106,90,292
3099,256,106,90,292
3100,275,97,107,295
3101,275,97,107,295
3102,275,97,107,295
3103,275,97,107,295
3104,275,97,107,295
3105,275,97,107,295
3106,275,97,107,295
3107,275,97,107,295
3108,275,97,107,295
3109,275,97,107,295
3110,287,88,95,313
3111,287,88,95,313
3112,287,88,95,313
3113,287,88,95,313
3114,287,88,95,313
3115,287,88,95,313
3116,287,88,95,313
3117,287,88,95,313
3118,287,88,95,313
3119,287,88,95,313
3120,303,102,116,292
3121,303,102,116,292
3122,303,102,116,292
3123,303,102,116,292
3124,303,102,116,292
3125,303,102,116,292
3126,303,102,116,292
3127,303,102,116,292
3128,303,102,116,292
3129,303,102,116,292
3130,315,93,124,288
3131,315,93,124,288
3132,315,93,124,288
3133,315,93,124,288
3134,315,93,124,288
3135,315,93,124,288
3136,315,93,124,288
3137,315,93,124,288
3138,315,93,124,288
3139,315,93,124,288
3140,332,80,141,304
3141,332,80,141,304
3142,332,80,141,304
3143,332,80,141,304
3144,332,80,141,304
3145,332,80,141,304
3146,332,80,141,304
3147,332,80,141,304
3148,332,80,141,304
3149,332,80,141,304
3150,349,84,142,298
3151,349,84,142,298
3152,349,84,142,298
3153,349,84,142,298
3154,349,84,142,298
3155,349,84,142,298
3156,349,84,142,298
3157,349,84,142,298
3158,349,84,142,298
3159,349,84,142,298
3160,368,63,158,330
3161,368,63,158,330
3162,368,63,158,330
3163,368,63,158,330
3164,368,63,158,330
3165,368,63,158,330
3166,368,63,158,330
3167,368,63,158,330
3168,368,63,158,330
3169,368,63,158,330
3170,385,58,164,317
3171,385,58,164,317
3172,385,58,164,317
3173,385,58,164,317
3174,385,58,164,317
3175,385,58,164,317
3176,385,58,164,317
3177,385,58,164,317
3178,385,58,164,317
3179,385,58,164,317
3180,387,62,183,310
3181,387,62,183,310
3182,387,62,183,310
3183,387,62,183,310
3184,387,62,183,310
3185,387,62,183,310
3186,387,62,183,310
3187,387,62,183,310
3188,387,62,183,310
3189,387,62,183,310
3190,397,49,234,334
3191,397,49,234,334
3192,397,49,234,334
3193,397,49,234,334
3194,397,49,234,334
3195,397,49,234,334
3196,397,49,234,334
3197,397,49,234,334
3198,397,49,234,334
3199,397,49,234,334
3200,418,45,202,342
3201,418,45,202,342
3202,418,45,202,342
3203,418,45,202,342
3204,418,45,202,342
3205,418,45,202,342
3206,418,45,202,342
3207,418,45,202,342
3208,418,45,202,342
3209,418,45,202,342
3210,441,44,129,359
3211,441,44,129,359
3212,441,44,129,359
3213,441,44,129,359
3214,441,44,129,359
3215,441,44,129,359
3216,441,44,129,359
3217,441,44,129,359
3218,441,44,129,359
3219,441,44,129,359
3220,424,62,118,325
3221,424,62,118,325
3222,424,62,118,325
3223,424,62,118,325
3224,424,62,118,325
3225,424,62,118,325
3226,424,62,118,325
3227,424,62,118,325
3228,424,62,118,325
3229,424,62,118,325
3230,393,73,118,304
3231,393,73,118,304
3232,393,73,118,304
3233,393,73,118,304
3234,393,73,118,304
3235,393,73,118,304
3236,393,73,118,304
3237,393,73,118,304
3238,393,73,118,304
3239,393,73,118,304
3240,365,78,140,304
3241,365,78,140,304
3242,365,78,140,304
3243,365,78,140,304
3244,365,78,140,304
3245,365,78,140,304
3246,365,78,140,304
3247,365,78,140,304
3248,365,78,140,304
3249,365,78,140,304
3250,352,90,141,295
3251,352,90,141,295
3252,352,90,141,295
3253,352,90,141,295
3254,352,90,141,295
3255,352,90,141,295
3256,352,90,141,295
3257,352,90,141,295
3258,352,90,141,295
3259,352,90,141,295
3260,320,84,130,300
3261,320,84,130,300
3262,320,84,130,300
3263,320,84,130,300
3264,320,84,130,300
3265,320,84,130,300
3266,320,84,130,300
3267,320,84,130,300
3268,320,84,130,300
3269,320,84,130,300
3270,297,87,121,302
3271,297,87,121,302
3272,297,87,121,302
3273,297,87,121,302
3274,297,87,121,302
3275,297,87,121,302
3276,297,87,121,302
3277,297,87,121,302
3278,297,87,121,302
3279,297,87,121,302
3280,292,97,115,294
3281,292,97,115,294
3282,292,97,115,294
3283,292,97,115,294
3284,292,97,115,294
3285,292,97,115,294
3286,292,97,115,294
3287,292,97,115,294
3288,292,97,115,294
3289,292,97,115,294
3290,277,90,98,309
3291,277,90,98,309
3292,277,90,98,309
3293,277,90,98,309
3294,277,90,98,309
3295,277,90,98,309
3296,277,90,98,309
3297,277,90,98,309
3298,277,90,98,309
3299,277,90,98,309
3300,256,96,111,290
3301,256,96,111,290
3302,256,96,111,290
3303,256,96,111,290
3304,256,96,111,290
3305,256,96,111,290
3306,256,96,111,290
3307,256,96,111,290
3308,256,96,111,290
3309,256,96,111,290
3310,220,105,113,276
3311,220,105,113,276
3312,220,105,113,276
3313,220,105,113,276
3314,220,105,113,276
3315,220,105,113,276
3316,220,105,113,276
3317,220,105,113,276
3318,220,105,113,276
3319,220,105,113,276
3320,212,103,117,277
3321,212,103,117,277
3322,212,103,117,277
3323,212,103,117,277
3324,212,103,117,277
3325,212,103,117,277
3326,212,103,117,277
3327,212,103,117,277
3328,212,103,117,277
3329,212,103,117,277
3330,165,102,116,270
3331,165,102,116,270
3332,165,102,116,270
3333,165,102,116,270
3334,165,102,116,270
3335,165,102,116,270
3336,165,102,116,270
3337,165,102,116,270
3338,165,102,116,270
3339,165,102,116,270
3340,166,98,109,282
3341,166,98,109,282
3342,166,98,109,282
3343,166,98,109,282
3344,166,98,109,282
3345,166,98,109,282
3346,166,98,109,282
3347,166,98,109,282
3348,166,98,109,282
3349,166,98,109,282
3350,160,104,112,266
3351,160,104,112,266
3352,160,104,112,266
3353,160,104,112,266
3354,160,104,112,266
3355,160,104,112,266
3356,160,104,112,266
3357,160,104,112,266
3358,160,104,112,266
3359,160,104,112,266
3360,162,115,110,247
3361,162,115,110,247
3362,162,115,110,247
3363,162,115,110,247
3364,162,115,110,247
3365,162,115,110,247
3366,162,115,110,247
3367,162,115,110,247
3368,162,115,110,247
3369,162,115,110,247
3370,165,115,87,258
3371,165,115,87,258
3372,165,115,87,258
3373,165,115,87,258
3374,165,115,87,258
3375,165,115,87,258
3376,165,115,87,258
3377,165,115,87,258
3378,165,115,87,258
3379,165,115,87,258
3380,162,107,81,258
3381,162,107,81,258
3382,162,107,81,258
3383,162,107,81,258
3384,162,107,81,258
3385,162,107,81,258
3386,162,107,81,258
3387,162,107,81,258
3388,162,107,81,258
3389,162,107,81,258
3390,161,111,80,246
3391,161,111,80,246
3392,161,111,80,246
3393,161,111,80,246
3394,161,111,80,246
3395,161,111,80,246
3396,161,111,80,246
3397,161,111,80,246
3398,161,111,80,246
3399,161,111,80,246
3400,157,123,70,242
3401,157,123,70,242
3402,157,123,70,242
3403,157,123,70,242
3404,157,123,70,242
3405,157,123,70,242
3406,157,123,70,242
3407,157,123,70,242
3408,157,123,70,242
3409,157,123,70,242
3410,157,120,68,229
3411,157,120,68,229
3412,157,120,68,229
3413,157,120,68,229
3414,157,120,68,229
3415,157,120,68,229
3416,157,120,68,229
3417,157,120,68,229
3418,157,120,68,229
3419,157,120,68,229
3420,156,124,68,238
3421,156,124,68,238
3422,156,124,68,238
3423,156,124,68,238
3424,156,124,68,238
3425,156,124,68,238
3426,156,124,68,238
3427,156,124,68,238
3428,156,124,68,238
3429,156,124,68,238
3430,153,125,79,217
3431,153,125,79,217
3432,153,125,79,217
3433,153,125,79,217
3434,153,125,79,217
3435,153,125,79,217
3436,153,125,79,217
3437,153,125,79,217
3438,153,125,79,217
3439,153,125,79,217
3440,152,128,81,215
3441,152,128,81,215
3442,152,128,81,215
3443,152,128,81,215
3444,152,128,81,215
3445,152,128,81,215
3446,152,128,81,215
3447,152,128,81,215
3448,152,128,81,215
3449,152,128,81,215
3450,152,128,70,213
3451,152,128,70,213
3452,152,128,70,213
3453,152,128,70,213
3454,152,128,70,213
3455,152,128,70,213
3456,152,128,70,213
3457,152,128,70,213
3458,152,128,70,213
3459,152,128,70,213
3460,155,144,59,208
3461,155,144,59,208
3462,155,144,59,208
3463,155,144,59,208
3464,155,144,59,208
3465,155,144,59,208
3466,155,144,59,208
3467,155,144,59,208
3468,155,144,59,208
3469,155,144,59,208
3470,153,133,43,195
3471,153,133,43,195
3472,153,133,43,195
3473,153,133,43,195
3474,153,133,43,195
3475,153,133,43,195
3476,153,133,43,195
3477,153,133,43,195
3478,153,133,43,195
3479,153,133,43,195
3480,154,122,27,181
3481,154,122,27,181
3482,154,122,27,181
3483,154,122,27,181
3484,154,122,27,181
3485,154,122,27,181
3486,154,122,27,181
3487,154,122,27,181
3488,154,122,27,181
3489,154,122,27,181
3490,0,0,0,0
3491,0,0,0,0
3492,0,0,0,0
3493,0,0,0,0
3494,0,0,0,0
3495,0,0,0,0
3496,0,0,0,0
3497,0,0,0,0
3498,0,0,0,0
3499,0,0,0,0
3500,0,0,0,0
3501,0,0,0,0
3502,0,0,0,0
3503,0,0,0,0
3504,0,0,0,0
3505,0,0,0,0
3506,0,0,0,0
3507,0,0,0,0
3508,0,0,0,0
3509,0,0,0,0
3510,0,0,0,0
3511,0,0,0,0
3512,0,0,0,0
3513,0,0,0,0
3514,0,0,0,0
3515,0,0,0,0
3516,0,0,0,0
3517,0,0,0,0
3518,0,0,0,0
3519,0,0,0,0
3520,0,0,0,0
3521,0,0,0,0
3522,0,0,0,0
3523,0,0,0,0
3524,0,0,0,0
3525,0,0,0,0
3526,0,0,0,0
3527,0,0,0,0
3528,0,0,0,0
3529,0,0,0,0
3530,0,0,0,0
3531,0,0,0,0
3532,0,0,0,0
3533,0,0,0,0
3534,0,0,0,0
3535,0,0,0,0
3536,0,0,0,0
3537,0,0,0,0
3538,0,0,0,0
3539,0,0,0,0
3540,0,0,0,0
3541,0,0,0,0
3542,0,0,0,0
3543,0,0,0,0
3544,0,0,0,0
3545,0,0,0,0
3546,0,0,0,0
3547,0,0,0,0
3548,0,0,0,0
3549,0,0,0,0
3550,0,0,0,0
3551,0,0,0,0
3552,0,0,0,0
3553,0,0,0,0
3554,0,0,0,0
3555,0,0,0,0
3556,0,0,0,0
3557,0,0,0,0
3558,0,0,0,0
3559,0,0,0,0
3560,0,0,0,0
3561,0,0,0,0
3562,0,0,0,0
3563,0,0,0,0
3564,0,0,0,0
3565,0,0,0,0
3566,0,0,0,0
3567,0,0,0,0
3568,0,0,0,0
3569,0,0,0,0
3570,0,0,0,0
3571,0,0,0,0
3572,0,0,0,0
3573,0,0,0,0
3574,0,0,0,0
3575,0,0,0,0
3576,0,0,0,0
3577,0,0,0,0
3578,0,0,0,0
3579,0,0,0,0
3580,0,0,0,0
3581,0,0,0,0
3582,0,0,0,0
3583,0,0,0,0
3584,0,0,0,0
3585,0,0,0,0
3586,0,0,0,0
3587,0,0,0,0
3588,0,0,0,0
3589,0,0,0,0
3590,0,0,0,0
3591,0,0,0,0
3592,0,0,0,0
3593,0,0,0,0
3594,0,0,0,0
3595,0,0,0,0
3596,0,0,0,0
3597,0,0,0,0
3598,0,0,0,0
3599,0,0,0,0
3600,0,0,0,0
3601,0,0,0,0
3602,0,0,0,0
3603,0,0,0,0
3604,0,0,0,0
3605,0,0,0,0
3606,0,0,0,0
3607,0,0,0,0
3608,0,0,0,0
3609,0,0,0,0
3610,0,0,0,0
3611,0,0,0,0
3612,0,0,0,0
3613,0,0,0,0
3614,0,0,0,0
3615,0,0,0,0
3616,0,0,0,0
3617,0,0,0,0
3618,0,0,0,0
3619,0,0,0,0
3620,0,0,0,0
3621,0,0,0,0
3622,0,0,0,0
3623,0,0,0,0
3624,0,0,0,0
3625,0,0,0,0
3626,0,0,0,0
3627,0,0,0,0
3628,0,0,0,0
3629,0,0,0,0
3630,0,0,0,0
3631,0,0,0,0
3632,0,0,0,0
3633,0,0,0,0
3634,0,0,0,0
3635,0,0,0,0
3636,0,0,0,0
3637,0,0,0,0
3638,0,0,0,0
3639,0,0,0,0
3640,0,0,0,0
3641,0,0,0,0
3642,0,0,0,0
3643,0,0,0,0
3644,0,0,0,0
3645,0,0,0,0
3646,0,0,0,0
3647,0,0,0,0
3648,0,0,0,0
3649,0,0,0,0
3650,0,0,0,0
3651,0,0,0,0
3652,0,0,0,0
3653,0,0,0,0
3654,0,0,0,0
3655,0,0,0,0
3656,0,0,0,0
3657,0,0,0,0
3658,0,0,0,0
3659,0,0,0,0
3660,0,0,0,0
3661,0,0,0,0
3662,0,0,0,0
3663,0,0,0,0
3664,0,0,0,0
3665,0,0,0,0
3666,0,0,0,0
3667,0,0,0,0
3668,0,0,0,0
3669,0,0,0,0
3670,0,0,0,0
3671,0,0,0,0
3672,0,0,0,0
3673,0,0,0,0
3674,0,0,0,0
3675,0,0,0,0
3676,0,0,0,0
3677,0,0,0,0
3678,0,0,0,0
3679,0,0,0,0
3680,0,0,0,0
3681,0,0,0,0
3682,0,0,0,0
3683,0,0,0,0
3684,0,0,0,0
3685,0,0,0,0
3686,0,0,0,0
3687,0,0,0,0
3688,0,0,0,0
3689,0,0,0,0
3690,0,0,0,0
3691,0,0,0,0
3692,0,0,0,0
3693,0,0,0,0
3694,0,0,0,0
3695,0,0,0,0
3696,0,0,0,0
3697,0,0,0,0
3698,0,0,0,0
3699,0,0,0,0
3700,0,0,0,0
3701,0,0,0,0
3702,0,0,0,0
3703,0,0,0,0
3704,0,0,0,0
3705,0,0,0,0
3706,0,0,0,0
3707,0,0,0,0
3708,0,0,0,0
3709,0,0,0,0
3710,0,0,0,0
3711,0,0,0,0
3712,0,0,0,0
3713,0,0,0,0
3714,0,0,0,0
3715,0,0,0,0
3716,0,0,0,0
3717,0,0,0,0
3718,0,0,0,0
3719,0,0,0,0
3720,0,0,0,0
3721,0,0,0,0
3722,0,0,0,0
3723,0,0,0,0
3724,0,0,0,0
3725,0,0,0,0
3726,0,0,0,0
3727,0,0,0,0
3728,0,0,0,0
3729,0,0,0,0
3730,0,0,0,0
3731,0,0,0,0
3732,0,0,0,0
3733,0,0,0,0
3734,0,0,0,0
3735,0,0,0,0
3736,0,0,0,0
3737,0,0,0,0
3738,0,0,0,0
3739,0,0,0,0
3740,0,0,0,0
3741,0,0,0,0
3742,0,0,0,0
3743,0,0,0,0
3744,0,0,0,0
3745,0,0,0,0
3746,0,0,0,0
3747,0,0,0,0
3748,0,0,0,0
3749,0,0,0,0
3750,0,0,0,0
3751,0,0,0,0
3752,0,0,0,0
3753,0,0,0,0
3754,0,0,0,0
3755,0,0,0,0
3756,0,0,0,0
3757,0,0,0,0
3758,0,0,0,0
3759,0,0,0,0
3760,0,0,0,0
3761,0,0,0,0
3762,0,0,0,0
3763,0,0,0,0
3764,0,0,0,0
3765,0,0,0,0
3766,0,0,0,0
3767,0,0,0,0
3768,0,0,0,0
3769,0,0,0,0
3770,0,0,0,0
3771,0,0,0,0
3772,0,0,0,0
3773,0,0,0,0
3774,0,0,0,0
3775,0,0,0,0
3776,0,0,0,0
3777,0,0,0,0
3778,0,0,0,0
3779,0,0,0,0
3780,0,0,0,0
3781,0,0,0,0
3782,0,0,0,0
3783,0,0,0,0
3784,0,0,0,0
3785,0,0,0,0
3786,0,0,0,0
3787,0,0,0,0
3788,0,0,0,0
3789,0,0,0,0
3790,0,0,0,0
3791,0,0,0,0
3792,0,0,0,0
3793,0,0,0,0
3794,0,0,0,0
3795,0,0,0,0
3796,0,0,0,0
3797,0,0,0,0
3798,0,0,0,0
3799,0,0,0,0
3800,0,0,0,0
3801,0,0,0,0
3802,0,0,0,0
3803,0,0,0,0
3804,0,0,0,0
3805,0,0,0,0
3806,0,0,0,0
3807,0,0,0,0
3808,0,0,0,0
3809,0,0,0,0
3810,0,0,0,0
3811,0,0,0,0
3812,0,0,0,0
3813,0,0,0,0
3814,0,0,0,0
3815,0,0,0,0
3816,0,0,0,0
3817,0,0,0,0
3818,0,0,0,0
3819,0,0,0,0
3820,0,0,0,0
3821,0,0,0,0
3822,0,0,0,0
3823,0,0,0,0
3824,0,0,0,0
3825,0,0,0,0
3826,0,0,0,0
3827,0,0,0,0
3828,0,0,0,0
3829,0,0,0,0
3830,0,0,0,0
3831,0,0,0,0
3832,0,0,0,0
3833,0,0,0,0
3834,0,0,0,0
3835,0,0,0,0
3836,0,0,0,0
3837,0,0,0,0
3838,0,0,0,0
3839,0,0,0,0
3840,0,0,0,0
3841,0,0,0,0
3842,0,0,0,0
3843,0,0,0,0
3844,0,0,0,0
3845,0,0,0,0
3846,0,0,0,0
3847,0,0,0,0
3848,0,0,0,0
3849,0,0,0,0
3850,0,0,0,0
3851,0,0,0,0
3852,0,0,0,0
3853,0,0,0,0
3854,0,0,0,0
3855,0,0,0,0
3856,0,0,0,0
3857,0,0,0,0
3858,0,0,0,0
3859,0,0,0,0
3860,0,0,0,0
3861,0,0,0,0
3862,0,0,0,0
3863,0,0,0,0
3864,0,0,0,0
3865,0,0,0,0
3866,0,0,0,0
3867,0,0,0,0
3868,0,0,0,0
3869,0,0,0,0
3870,0,0,0,0
3871,0,0,0,0
3872,0,0,0,0
3873,0,0,0,0
3874,0,0,0,0
3875,0,0,0,0
3876,0,0,0,0
3877,0,0,0,0
3878,0,0,0,0
3879,0,0,0,0
3880,0,0,0,0
3881,0,0,0,0
3882,0,0,0,0
3883,0,0,0,0
3884,0,0,0,0
3885,0,0,0,0
3886,0,0,0,0
3887,0,0,0,0
3888,0,0,0,0
3889,0,0,0,0
3890,0,0,0,0
3891,0,0,0,0
3892,0,0,0,0
3893,0,0,0,0
3894,0,0,0,0
3895,0,0,0,0
3896,0,0,0,0
3897,0,0,0,0
3898,0,0,0,0
3899,0,0,0,0
3900,0,0,0,0
3901,0,0,0,0
3902,0,0,0,0
3903,0,0,0,0
3904,0,0,0,0
3905,0,0,0,0
3906,0,0,0,0
3907,0,0,0,0
3908,0,0,0,0
3909,0,0,0,0
3910,0,0,0,0
3911,0,0,0,0
3912,0,0,0,0
3913,0,0,0,0
3914,0,0,0,0
3915,0,0,0,0
3916,0,0,0,0
3917,0,0,0,0
3918,0,0,0,0
3919,0,0,0,0
3920,0,0,0,0
3921,0,0,0,0
3922,0,0,0,0
3923,0,0,0,0
3924,0,0,0,0
3925,0,0,0,0
3926,0,0,0,0
3927,0,0,0,0
3928,0,0,0,0
3929,0,0,0,0
3930,0,0,0,0
3931,0,0,0,0
3932,0,0,0,0
3933,0,0,0,0
3934,0,0,0,0
3935,0,0,0,0
3936,0,0,0,0
3937,0,0,0,0
3938,0,0,0,0
3939,0,0,0,0
3940,0,0,0,0
3941,0,0,0,0
3942,0,0,0,0
3943,0,0,0,0
3944,0,0,0,0
3945,0,0,0,0
3946,0,0,0,0
3947,0,0,0,0
3948,0,0,0,0
3949,0,0,0,0
3950,0,0,0,0
3951,0,0,0,0
3952,0,0,0,0
3953,0,0,0,0
3954,0,0,0,0
3955,0,0,0,0
3956,0,0,0,0
3957,0,0,0,0
3958,0,0,0,0
3959,0,0,0,0
3960,0,0,0,0
3961,0,0,0,0
3962,0,0,0,0
3963,0,0,0,0
3964,0,0,0,0
3965,0,0,0,0
3966,0,0,0,0
3967,0,0,0,0
3968,0,0,0,0
3969,0,0,0,0
3970,0,0,0,0
3971,0,0,0,0
3972,0,0,0,0
3973,0,0,0,0
3974,0,0,0,0
3975,0,0,0,0
3976,0,0,0,0
3977,0,0,0,0
3978,0,0,0,0
3979,0,0,0,0
3980,0,0,0,0
3981,0,0,0,0
3982,0,0,0,0
3983,0,0,0,0
3984,0,0,0,0
3985,0,0,0,0
3986,0,0,0,0
3987,0,0,0,0
3988,0,0,0,0
3989,0,0,0,0
3990,0,0,0,0
3991,0,0,0,0
3992,0,0,0,0
3993,0,0,0,0
3994,0,0,0,0
3995,0,0,0,0
3996,0,0,0,0
3997,0,0,0,0
3998,0,0,0,0
3999,0,0,0,0
4000,0,0,0,0
4001,0,0,0,0
4002,0,0,0,0
4003,0,0,0,0
4004,0,0,0,0
4005,0,0,0,0
4006,0,0,0,0
4007,0,0,0,0
4008,0,0,0,0
4009,0,0,0,0
4010,0,0,0,0
4011,0,0,0,0
4012,0,0,0,0
4013,0,0,0,0
4014,0,0,0,0
4015,0,0,0,0
4016,0,0,0,0
4017,0,0,0,0
4018,0,0,0,0
4019,0,0,0,0
4020,0,0,0,0
4021,0,0,0,0
4022,0,0,0,0
4023,0,0,0,0
4024,0,0,0,0
4025,0,0,0,0
4026,0,0,0,0
4027,0,0,0,0
4028,0,0,0,0
4029,0,0,0,0
4030,0,0,0,0
4031,0,0,0,0
4032,0,0,0,0
4033,0,0,0,0
4034,0,0,0,0
4035,0,0,0,0
4036,0,0,0,0
4037,0,0,0,0
4038,0,0,0,0
4039,0,0,0,0
4040,0,0,0,0
4041,0,0,0,0
4042,0,0,0,0
4043,0,0,0,0
4044,0,0,0,0
4045,0,0,0,0
4046,0,0,0,0
4047,0,0,0,0
4048,0,0,0,0
4049,0,0,0,0
4050,0,0,0,0
4051,0,0,0,0
4052,0,0,0,0
4053,0,0,0,0
4054,0,0,0,0
4055,0,0,0,0
4056,0,0,0,0
4057,0,0,0,0
4058,0,0,0,0
4059,0,0,0,0
4060,0,0,0,0
4061,0,0,0,0
4062,0,0,0,0
4063,0,0,0,0
4064,0,0,0,0
4065,0,0,0,0
4066,0,0,0,0
4067,0,0,0,0
4068,0,0,0,0
4069,0,0,0,0
4070,0,0,0,0
4071,0,0,0,0
4072,0,0,0,0
4073,0,0,0,0
4074,0,0,0,0
4075,0,0,0,0
4076,0,0,0,0
4077,0,0,0,0
4078,0,0,0,0
4079,0,0,0,0
4080,0,0,0,0
4081,0,0,0,0
4082,0,0,0,0
4083,0,0,0,0
4084,0,0,0,0
4085,0,0,0,0
4086,0,0,0,0
4087,0,0,0,0
4088,0,0,0,0
4089,0,0,0,0
4090,0,0,0,0
4091,0,0,0,0
4092,0,0,0,0
4093,0,0,0,0
4094,0,0,0,0
4095,0,0,0,0
4096,0,0,0,0
4097,0,0,0,0
4098,0,0,0,0
4099,0,0,0,0
4100,0,0,0,0
4101,0,0,0,0
4102,0,0,0,0
4103,0,0,0,0
4104,0,0,0,0
4105,0,0,0,0
4106,0,0,0,0
4107,0,0,0,0
4108,0,0,0,0
4109,0,0,0,0
4110,0,0,0,0
4111,0,0,0,0
4112,0,0,0,0
4113,0,0,0,0
4114,0,0,0,0
4115,0,0,0,0
4116,0,0,0,0
4117,0,0,0,0
4118,0,0,0,0
4119,0,0,0,0
4120,155,133,40,195
4121,155,133,40,195
4122,155,133,40,195
4123,155,133,40,195
4124,155,133,40,195
4125,155,133,40,195
4126,155,133,40,195
4127,155,133,40,195
4128,155,133,40,195
4129,155,133,40,195
4130,154,125,45,208
4131,154,125,45,208
4132,154,125,45,208
4133,154,125,45,208
4134,154,125,45,208
4135,154,125,45,208
4136,154,125,45,208
4137,154,125,45,208
4138,154,125,45,208
4139,154,125,45,208
4140,153,139,47,210
4141,153,139,47,210
4142,153,139,47,210
4143,153,139,47,210
4144,153,139,47,210
4145,153,139,47,210
4146,153,139,47,210
4147,153,139,47,210
4148,153,139,47,210
4149,153,139,47,210
4150,154,134,53,219
4151,154,134,53,219
4152,154,134,53,219
4153,154,134,53,219
4154,154,134,53,219
4155,154,134,53,219
4156,154,134,53,219
4157,154,134,53,219
4158,154,134,53,219
4159,154,134,53,219
4160,159,126,53,235
4161,159,126,53,235
4162,159,126,53,235
4163,159,126,53,235
4164,159,126,53,235
4165,159,126,53,235
4166,159,126,53,235
4167,159,126,53,235
4168,159,126,53,235
4169,159,126,53,235
4170,161,124,60,241
4171,161,124,60,241
4172,161,124,60,241
4173,161,124,60,241
4174,161,124,60,241
4175,161,124,60,241
4176,161,124,60,241
4177,161,124,60,241
4178,161,124,60,241
4179,161,124,60,241
4180,167,112,72,239
4181,167,112,72,239
4182,167,112,72,239
4183,167,112,72,239
4184,167,112,72,239
4185,167,112,72,239
4186,167,112,72,239
4187,167,112,72,239
4188,167,112,72,239
4189,167,112,72,239
4190,161,121,122,250
4191,161,121,122,250
4192,161,121,122,250
4193,161,121,122,250
4194,161,121,122,250
4195,161,121,122,250
4196,161,121,122,250
4197,161,121,122,250
4198,161,121,122,250
4199,161,121,122,250
4200,156,120,120,247
4201,156,120,120,247
4202,156,120,120,247
4203,156,120,120,247
4204,156,120,120,247
4205,156,120,120,247
4206,156,120,120,247
4207,156,120,120,247
4208,156,120,120,247
4209,156,120,120,247
4210,157,116,126,254
4211,157,116,126,254
4212,157,116,126,254
4213,157,116,126,254
4214,157,116,126,254
4215,157,116,126,254
4216,157,116,126,254
4217,157,116,126,254
4218,157,116,126,254
4219,157,116,126,254
4220,151,118,130,245
4221,151,118,130,245
4222,151,118,130,245
4223,151,118,130,245
4224,151,118,130,245
4225,151,118,130,245
4226,151,118,130,245
4227,151,118,130,245
4228,151,118,130,245
4229,151,118,130,245
4230,153,114,129,254
4231,153,114,129,254
4232,153,114,129,254
4233,153,114,129,254
4234,153,114,129,254
4235,153,114,129,254
4236,153,114,129,254
4237,153,114,129,254
4238,153,114,129,254
4239,153,114,129,254
4240,152,112,135,253
4241,152,112,135,253
4242,152,112,135,253
4243,152,112,135,253
4244,152,112,135,253
4245,152,112,135,253
4246,152,112,135,253
4247,152,112,135,253
4248,152,112,135,253
4249,152,112,135,253
4250,154,110,128,256
4251,154,110,128,256
4252,154,110,128,256
4253,154,110,128,256
4254,154,110,128,256
4255,154,110,128,256
4256,154,110,128,256
4257,154,110,128,256
4258,154,110,128,256
4259,154,110,128,256
4260,154,109,127,254
4261,154,109,127,254
4262,154,109,127,254
4263,154,109,127,254
4264,154,109,127,254
4265,154,109,127,254
4266,154,109,127,254
4267,154,109,127,254
4268,154,109,127,254
4269,154,109,127,254
4270,152,109,135,257
4271,152,109,135,257
4272,152,109,135,257
4273,152,109,135,257
4274,152,109,135,257
4275,152,109,135,257
4276,152,109,135,257
4277,152,109,135,257
4278,152,109,135,257
4279,152,109,135,257
4280,148,114,159,256
4281,148,114,159,256
4282,148,114,159,256
4283,148,114,159,256
4284,148,114,159,256
4285,148,114,159,256
4286,148,114,159,256
4287,148,114,159,256
4288,148,114,159,256
4289,148,114,159,256
4290,159,111,158,260
4291,159,111,158,260
4292,159,111,158,260
4293,159,111,158,260
4294,159,111,158,260
4295,159,111,158,260
4296,159,111,158,260
4297,159,111,158,260
4298,159,111,158,260
4299,159,111,158,260
4300,193,110,119,268
4301,193,110,119,268
4302,193,110,119,268
4303,193,110,119,268
4304,193,110,119,268
4305,193,110,119,268
4306,193,110,119,268
4307,193,110,119,268
4308,193,110,119,268
4309,193,110,119,268
4310,203,108,108,273
4311,203,108,108,273
4312,203,108,108,273
4313,203,108,108,273
4314,203,108,108,273
4315,203,108,108,273
4316,203,108,108,273
4317,203,108,108,273
4318,203,108,108,273
4319,203,108,108,273
4320,200,94,120,291
4321,200,94,120,291
4322,200,94,120,291
4323,200,94,120,291
4324,200,94,120,291
4325,200,94,120,291
4326,200,94,120,291
4327,200,94,120,291
4328,200,94,120,291
4329,200,94,120,291
4330,201,88,142,302
4331,201,88,142,302
4332,201,88,142,302
4333,201,88,142,302
4334,201,88,142,302
4335,201,88,142,302
4336,201,88,142,302
4337,201,88,142,302
4338,201,88,142,302
4339,201,88,142,302
4340,229,81,123,324
4341,229,81,123,324
4342,229,81,123,324
4343,229,81,123,324
4344,229,81,123,324
4345,229,81,123,324
4346,229,81,123,324
4347,229,81,123,324
4348,229,81,123,324
4349,229,81,123,324
4350,259,82,118,295
4351,259,82,118,295
4352,259,82,118,295
4353,259,82,118,295
4354,259,82,118,295
4355,259,82,118,295
4356,259,82,118,295
4357,259,82,118,295
4358,259,82,118,295
4359,259,82,118,295
4360,298,72,123,325
4361,298,72,123,325
4362,298,72,123,325
4363,298,72,123,325
4364,298,72,123,325
4365,298,72,123,325
4366,298,72,123,325
4367,298,72,123,325
4368,298,72,123,325
4369,298,72,123,325
4370,305,77,139,322
4371,305,77,139,322
4372,305,77,139,322
4373,305,77,139,322
4374,305,77,139,322
4375,305,77,139,322
4376,305,77,139,322
4377,305,77,139,322
4378,305,77,139,322
4379,305,77,139,322
4380,308,99,187,294
4381,308,99,187,294
4382,308,99,187,294
4383,308,99,187,294
4384,308,99,187,294
4385,308,99,187,294
4386,308,99,187,294
4387,308,99,187,294
4388,308,99,187,294
4389,308,99,187,294
4390,325,117,168,270
4391,325,117,168,270
4392,325,117,168,270
4393,325,117,168,270
4394,325,117,168,270
4395,325,117,168,270
4396,325,117,168,270
4397,325,117,168,270
4398,325,117,168,270
4399,325,117,168,270
4400,330,132,171,245
4401,330,132,171,245
4402,330,132,171,245
4403,330,132,171,245
4404,330,132,171,245
4405,330,132,171,245
4406,330,132,171,245
4407,330,132,171,245
4408,330,132,171,245
4409,330,132,171,245
4410,320,190,184,200
4411,320,190,184,200
4412,320,190,184,200
4413,320,190,184,200
4414,320,190,184,200
4415,320,190,184,200
4416,320,190,184,200
4417,320,190,184,200
4418,320,190,184,200
4419,320,190,184,200
4420,313,217,207,207
4421,313,217,207,207
4422,313,217,207,207
4423,313,217,207,207
4424,313,217,207,207
4425,313,217,207,207
4426,313,217,207,207
4427,313,217,207,207
4428,313,217,207,207
4429,313,217,207,207
4430,315,201,207,218
4431,315,201,207,218
4432,315,201,207,218
4433,315,201,207,218
4434,315,201,207,218
4435,315,201,207,218
4436,315,201,207,218
4437,315,201,207,218
4438,315,201,207,218
4439,315,201,207,218
4440,317,169,194,244
4441,317,169,194,244
4442,317,169,194,244
4443,317,169,194,244
4444,317,169,194,244
4445,317,169,194,244
4446,317,169,194,244
4447,317,169,194,244
4448,317,169,194,244
4449,317,169,194,244
4450,315,161,197,277
4451,315,161,197,277
4452,315,161,197,277
4453,315,161,197,277
4454,315,161,197,277
4455,315,161,197,277
4456,315,161,197,277
4457,315,161,197,277
4458,315,161,197,277
4459,315,161,197,277
4460,314,154,203,273
4461,314,154,203,273
4462,314,154,203,273
4463,314,154,203,273
4464,314,154,203,273
4465,314,154,203,273
4466,314,154,203,273
4467,314,154,203,273
4468,314,154,203,273
4469,314,154,203,273
4470,317,155,206,272
4471,317,155,206,272
4472,317,155,206,272
4473,317,155,206,272
4474,317,155,206,272
4475,317,155,206,272
4476,317,155,206,272
4477,317,155,206,272
4478,317,155,206,272
4479,317,155,206,272
4480,320,153,196,273
4481,320,153,196,273
4482,320,153,196,273
4483,320,153,196,273
4484,320,153,196,273
4485,320,153,196,273
4486,320,153,196,273
4487,320,153,196,273
4488,320,153,196,273
4489,320,153,196,273
4490,322,157,198,268
4491,322,157,198,268
4492,322,157,198,268
4493,322,157,198,268
4494,322,157,198,268
4495,322,157,198,268
4496,322,157,198,268
4497,322,157,198,268
4498,322,157,198,268
4499,322,157,198,268
4500,313,157,207,268
4501,313,157,207,268
4502,313,157,207,268
4503,313,157,207,268
4504,313,157,207,268
4505,313,157,207,268
4506,313,157,207,268
4507,313,157,207,268
4508,313,157,207,268
4509,313,157,207,268
4510,318,156,202,270
4511,318,156,202,270
4512,318,156,202,270
4513,318,156,202,270
4514,318,156,202,270
4515,318,156,202,270
4516,318,156,202,270
4517,318,156,202,270
4518,318,156,202,270
4519,318,156,202,270
4520,318,156,194,269
4521,318,156,194,269
4522,318,156,194,269
4523,318,156,194,269
4524,318,156,194,269
4525,318,156,194,269
4526,318,156,194,269
4527,318,156,194,269
4528,318,156,194,269
4529,318,156,194,269
4530,316,156,202,268
4531,316,156,202,268
4532,316,156,202,268
4533,316,156,202,268
4534,316,156,202,268
4535,316,156,202,268
4536,316,156,202,268
4537,316,156,202,268
4538,316,156,202,268
4539,316,156,202,268
4540,314,159,199,262
4541,314,159,199,262
4542,314,159,199,262
4543,314,159,199,262
4544,314,159,199,262
4545,314,159,199,262
4546,314,159,199,262
4547,314,159,199,262
4548,314,159,199,262
4549,314,159,199,262
4550,318,160,191,257
4551,318,160,191,257
4552,318,160,191,257
4553,318,160,191,257
4554,318,160,191,257
4555,318,160,191,257
4556,318,160,191,257
4557,318,160,191,257
4558,318,160,191,257
4559,318,160,191,257
4560,322,158,191,266
4561,322,158,191,266
4562,322,158,191,266
4563,322,158,191,266
4564,322,158,191,266
4565,322,158,191,266
4566,322,158,191,266
4567,322,158,191,266
4568,322,158,191,266
4569,322,158,191,266
4570,315,158,196,266
4571,315,158,196,266
4572,315,158,196,266
4573,315,158,196,266
4574,315,158,196,266
4575,315,158,196,266
4576,315,158,196,266
4577,315,158,196,266
4578,315,158,196,266
4579,315,158,196,266
4580,317,161,198,258
4581,317,161,198,258
4582,317,161,198,258
4583,317,161,198,258
4584,317,161,198,258
4585,317,161,198,258
4586,317,161,198,258
4587,317,161,198,258
4588,317,161,198,258
4589,317,161,198,258
4590,319,163,196,255
4591,319,163,196,255
4592,319,163,196,255
4593,319,163,196,255
4594,319,163,196,255
4595,319,163,196,255
4596,319,163,196,255
4597,319,163,196,255
4598,319,163,196,255
4599,319,163,196,255
4600,319,158,194,264
4601,319,158,194,264
4602,319,158,194,264
4603,319,158,194,264
4604,319,158,194,264
4605,319,158,194,264
4606,319,158,194,264
4607,319,158,194,264
4608,319,158,194,264
4609,319,158,194,264
4610,316,160,197,261
4611,316,160,197,261
4612,316,160,197,261
4613,316,160,197,261
4614,316,160,197,261
4615,316,160,197,261
4616,316,160,197,261
4617,316,160,197,261
4618,316,160,197,261
4619,316,160,197,261
4620,315,161,202,260
4621,315,161,202,260
4622,315,161,202,260
4623,315,161,202,260
4624,315,161,202,260
4625,315,161,202,260
4626,315,161,202,260
4627,315,161,202,260
4628,315,161,202,260
4629,315,161,202,260
4630,321,156,193,269
4631,321,156,193,269
4632,321,156,193,269
4633,321,156,193,269
4634,321,156,193,269
4635,321,156,193,269
4636,321,156,193,269
4637,321,156,193,269
4638,321,156,193,269
4639,321,156,193,269
4640,323,167,193,268
4641,323,167,193,268
4642,323,167,193,268
4643,323,167,193,268
4644,323,167,193,268
4645,323,167,193,268
4646,323,167,193,268
4647,323,167,193,268
4648,323,167,193,268
4649,323,167,193,268
4650,327,186,174,233
4651,327,186,174,233
4652,327,186,174,233
4653,327,186,174,233
4654,327,186,174,233
4655,327,186,174,233
4656,327,186,174,233
4657,327,186,174,233
4658,327,186,174,233
4659,327,186,174,233
4660,322,156,171,242
4661,322,156,171,242
4662,322,156,171,242
4663,322,156,171,242
4664,322,156,171,242
4665,322,156,171,242
4666,322,156,171,242
4667,322,156,171,242
4668,322,156,171,242
4669,322,156,171,242
4670,322,112,162,277
4671,322,112,162,277
4672,322,112,162,277
4673,322,112,162,277
4674,322,112,162,277
4675,322,112,162,277
4676,322,112,162,277
4677,322,112,162,277
4678,322,112,162,277
4679,322,112,162,277
4680,303,53,157,345
4681,303,53,157,345
4682,303,53,157,345
4683,303,53,157,345
4684,303,53,157,345
4685,303,53,157,345
4686,303,53,157,345
4687,303,53,157,345
4688,303,53,157,345
4689,303,53,157,345
4690,290,35,131,354
4691,290,35,131,354
4692,290,35,131,354
4693,290,35,131,354
4694,290,35,131,354
4695,290,35,131,354
4696,290,35,131,354
4697,290,35,131,354
4698,290,35,131,354
4699,290,35,131,354
4700,255,40,156,335
4701,255,40,156,335
4702,255,40,156,335
4703,255,40,156,335
4704,255,40,156,335
4705,255,40,156,335
4706,255,40,156,335
4707,255,40,156,335
4708,255,40,156,335
4709,255,40,156,335
4710,242,58,171,340
4711,242,58,171,340
4712,242,58,171,340
4713,242,58,171,340
4714,242,58,171,340
4715,242,58,171,340
4716,242,58,171,340
4717,242,58,171,340
4718,242,58,171,340
4719,242,58,171,340
4720,253,55,153,343
4721,253,55,153,343
4722,253,55,153,343
4723,253,55,153,343
4724,253,55,153,343
4725,253,55,153,343
4726,253,55,153,343
4727,253,55,153,343
4728,253,55,153,343
4729,253,55,153,343
4730,259,69,130,319
4731,259,69,130,319
4732,259,69,130,319
4733,259,69,130,319
4734,259,69,130,319
4735,259,69,130,319
4736,259,69,130,319
4737,259,69,130,319
4738,259,69,130,319
4739,259,69,130,319
4740,247,81,125,311
4741,247,81,125,311
4742,247,81,125,311
4743,247,81,125,311
4744,247,81,125,311
4745,247,81,125,311
4746,247,81,125,311
4747,247,81,125,311
4748,247,81,125,311
4749,247,81,125,311
4750,240,91,119,298
4751,240,91,119,298
4752,240,91,119,298
4753,240,91,119,298
4754,240,91,119,298
4755,240,91,119,298
4756,240,91,119,298
4757,240,91,119,298
4758,240,91,119,298
4759,240,91,119,298
4760,228,87,124,313
4761,228,87,124,313
4762,228,87,124,313
4763,228,87,124,313
4764,228,87,124,313
4765,228,87,124,313
4766,228,87,124,313
4767,228,87,124,313
4768,228,87,124,313
4769,228,87,124,313
4770,232,85,117,314
4771,232,85,117,314
4772,232,85,117,314
4773,232,85,117,314
4774,232,85,117,314
4775,232,85,117,314
4776,232,85,117,314
4777,232,85,117,314
4778,232,85,117,314
4779,232,85,117,314
4780,247,93,115,299
4781,247,93,115,299
4782,247,93,115,299
4783,247,93,115,299
4784,247,93,115,299
4785,247,93,115,299
4786,247,93,115,299
4787,247,93,115,299
4788,247,93,115,299
4789,247,93,115,299
4790,258,96,116,286
4791,258,96,116,286
4792,258,96,116,286
4793,258,96,116,286
4794,258,96,116,286
4795,258,96,116,286
4796,258,96,116,286
4797,258,96,116,286
4798,258,96,116,286
4799,258,96,116,286
4800,272,105,88,278
4801,272,105,88,278
4802,272,105,88,278
4803,272,105,88,278
4804,272,105,88,278
4805,272,105,88,278
4806,272,105,88,278
4807,272,105,88,278
4808,272,105,88,278
4809,272,105,88,278
4810,275,105,75,282
4811,275,105,75,282
4812,275,105,75,282
4813,275,105,75,282
4814,275,105,75,282
4815,275,105,75,282
4816,275,105,75,282
4817,275,105,75,282
4818,275,105,75,282
4819,275,105,75,282
4820,275,94,73,303
4821,275,94,73,303
4822,275,94,73,303
4823,275,94,73,303
4824,275,94,73,303
4825,275,94,73,303
4826,275,94,73,303
4827,275,94,73,303
4828,275,94,73,303
4829,275,94,73,303
4830,274,97,74,296
4831,274,97,74,296
4832,274,97,74,296
4833,274,97,74,296
4834,274,97,74,296
4835,274,97,74,296
4836,274,97,74,296
4837,274,97,74,296
4838,274,97,74,296
4839,274,97,74,296
4840,276,93,73,305
4841,276,93,73,305
4842,276,93,73,305
4843,276,93,73,305
4844,276,93,73,305
4845,276,93,73,305
4846,276,93,73,305
4847,276,93,73,305
4848,276,93,73,305
4849,276,93,73,305
4850,276,95,72,300
4851,276,95,72,300
4852,276,95,72,300
4853,276,95,72,300
4854,276,95,72,300
4855,276,95,72,300
4856,276,95,72,300
4857,276,95,72,300
4858,276,95,72,300
4859,276,95,72,300
4860,274,94,71,299
4861,274,94,71,299
4862,274,94,71,299
4863,274,94,71,299
4864,274,94,71,299
4865,274,94,71,299
4866,274,94,71,299
4867,274,94,71,299
4868,274,94,71,299
4869,274,94,71,299
4870,273,90,74,308
4871,273,90,74,308
4872,273,90,74,308
4873,273,90,74,308
4874,273,90,74,308
4875,273,90,74,308
4876,273,90,74,308
4877,273,90,74,308
4878,273,90,74,308
4879,273,90,74,308
4880,276,94,73,301
4881,276,94,73,301
4882,276,94,73,301
4883,276,94,73,301
4884,276,94,73,301
4885,276,94,73,301
4886,276,94,73,301
4887,276,94,73,301
4888,276,94,73,301
4889,276,94,73,301
4890,274,89,73,311
4891,274,89,73,311
4892,274,89,73,311
4893,274,89,73,311
4894,274,89,73,311
4895,274,89,73,311
4896,274,89,73,311
4897,274,89,73,311
4898,274,89,73,311
4899,274,89,73,311
4900,276,104,71,283
4901,276,104,71,283
4902,276,104,71,283
4903,276,104,71,283
4904,276,104,71,283
4905,276,104,71,283
4906,276,104,71,283
4907,276,104,71,283
4908,276,104,71,283
4909,276,104,71,283
4910,277,98,71,297
4911,277,98,71,297
4912,277,98,71,297
4913,277,98,71,297
4914,277,98,71,297
4915,277,98,71,297
4916,277,98,71,297
4917,277,98,71,297
4918,277,98,71,297
4919,277,98,71,297
4920,274,99,75,295
4921,274,99,75,295
4922,274,99,75,295
4923,274,99,75,295
4924,274,99,75,295
4925,274,99,75,295
4926,274,99,75,295
4927,274,99,75,295
4928,274,99,75,295
4929,274,99,75,295
4930,262,102,112,282
4931,262,102,112,282
4932,262,102,112,282
4933,262,102,112,282
4934,262,102,112,282
4935,262,102,112,282
4936,262,102,112,282
4937,262,102,112,282
4938,262,102,112,282
4939,262,102,112,282
4940,252,100,117,285
4941,252,100,117,285
4942,252,100,117,285
4943,252,100,117,285
4944,252,100,117,285
4945,252,100,117,285
4946,252,100,117,285
4947,252,100,117,285
4948,252,100,117,285
4949,252,100,117,285
4950,246,101,122,290
4951,246,101,122,290
4952,246,101,122,290
4953,246,101,122,290
4954,246,101,122,290
4955,246,101,122,290
4956,246,101,122,290
4957,246,101,122,290
4958,246,101,122,290
4959,246,101,122,290
4960,233,93,109,305
4961,233,93,109,305
4962,233,93,109,305
4963,233,93,109,305
4964,233,93,109,305
4965,233,93,109,305
4966,233,93,109,305
4967,233,93,109,305
4968,233,93,109,305
4969,233,93,109,305
4970,224,88,112,303
4971,224,88,112,303
4972,224,88,112,303
4973,224,88,112,303
4974,224,88,112,303
4975,224,88,112,303
4976,224,88,112,303
4977,224,88,112,303
4978,224,88,112,303
4979,224,88,112,303
4980,217,86,116,300
4981,217,86,116,300
4982,217,86,116,300
4983,217,86,116,300
4984,217,86,116,300
4985,217,86,116,300
4986,217,86,116,300
4987,217,86,116,300
4988,217,86,116,300
4989,217,86,116,300
4990,199,70,120,327
4991,199,70,120,327
4992,199,70,120,327
4993,199,70,120,327
4994,199,70,120,327
4995,199,70,120,327
4996,199,70,120,327
4997,199,70,120,327
4998,199,70,120,327
4999,199,70,120,327
5000,166,62,144,337
5001,166,62,144,337
5002,166,62,144,337
5003,166,62,144,337
5004,166,62,144,337
5005,166,62,144,337
5006,166,62,144,337
5007,166,62,144,337
5008,166,62,144,337
5009,166,62,144,337
5010,128,56,161,382
5011,128,56,161,382
5012,128,56,161,382
5013,128,56,161,382
5014,128,56,161,382
5015,128,56,161,382
5016,128,56,161,382
5017,128,56,161,382
5018,128,56,161,382
5019,128,56,161,382
5020,86,38,170,428
5021,86,38,170,428
5022,86,38,170,428
5023,86,38,170,428
5024,86,38,170,428
5025,86,38,170,428
5026,86,38,170,428
5027,86,38,170,428
5028,86,38,170,428
5029,86,38,170,428
5030,75,40,176,442
5031,75,40,176,442
5032,75,40,176,442
5033,75,40,176,442
5034,75,40,176,442
5035,75,40,176,442
5036,75,40,176,442
5037,75,40,176,442
5038,75,40,176,442
5039,75,40,176,442
5040,65,30,187,444
5041,65,30,187,444
5042,65,30,187,444
5043,65,30,187,444
5044,65,30,187,444
5045,65,30,187,444
5046,65,30,187,444
5047,65,30,187,444
5048,65,30,187,444
5049,65,30,187,444
5050,48,9,217,469
5051,48,9,217,469
5052,48,9,217,469
5053,48,9,217,469
5054,48,9,217,469
5055,48,9,217,469
5056,48,9,217,469
5057,48,9,217,469
5058,48,9,217,469
5059,48,9,217,469
5060,46,-4,225,491
5061,46,-4,225,491
5062,46,-4,225,491
5063,46,-4,225,491
5064,46,-4,225,491
5065,46,-4,225,491
5066,46,-4,225,491
5067,46,-4,225,491
5068,46,-4,225,491
5069,46,-4,225,491
5070,43,8,226,465
5071,43,8,226,465
5072,43,8,226,465
5073,43,8,226,465
5074,43,8,226,465
5075,43,8,226,465
5076,43,8,226,465
5077,43,8,226,465
5078,43,8,226,465
5079,43,8,226,465
5080,17,13,245,452
5081,17,13,245,452
5082,17,13,245,452
5083,17,13,245,452
5084,17,13,245,452
5085,17,13,245,452
5086,17,13,245,452
5087,17,13,245,452
5088,17,13,245,452
5089,17,13,245,452
5090,2,9,313,459
5091,2,9,313,459
5092,2,9,313,459
5093,2,9,313,459
5094,2,9,313,459
5095,2,9,313,459
5096,2,9,313,459
5097,2,9,313,459
5098,2,9,313,459
5099,2,9,313,459
5100,5,11,312,451
5101,5,11,312,451
5102,5,11,312,451
5103,5,11,312,451
5104,5,11,312,451
5105,5,11,312,451
5106,5,11,312,451
5107,5,11,312,451
5108,5,11,312,451
5109,5,11,312,451
5110,-4,7,361,461
5111,-4,7,361,461
5112,-4,7,361,461
5113,-4,7,361,461
5114,-4,7,361,461
5115,-4,7,361,461
5116,-4,7,361,461
5117,-4,7,361,461
5118,-4,7,361,461
5119,-4,7,361,461
5120,16,26,488,428
5121,16,26,488,428
5122,16,26,488,428
5123,16,26,488,428
5124,16,26,488,428
5125,16,26,488,428
5126,16,26,488,428
5127,16,26,488,428
5128,16,26,488,428
5129,16,26,488,428
5130,18,20,511,441
5131,18,20,511,441
5132,18,20,511,441
5133,18,20,511,441
5134,18,20,511,441
5135,18,20,511,441
5136,18,20,511,441
5137,18,20,511,441
5138,18,20,511,441
5139,18,20,511,441
5140,42,13,541,439
5141,42,13,541,439
5142,42,13,541,439
5143,42,13,541,439
5144,42,13,541,439
5145,42,13,541,439
5146,42,13,541,439
5147,42,13,541,439
5148,42,13,541,439
5149,42,13,541,439
5150,46,14,543,442
5151,46,14,543,442
5152,46,14,543,442
5153,46,14,543,442
5154,46,14,543,442
5155,46,14,543,442
5156,46,14,543,442
5157,46,14,543,442
5158,46,14,543,442
5159,46,14,543,442
5160,40,22,549,447
5161,40,22,549,447
5162,40,22,549,447
5163,40,22,549,447
5164,40,22,549,447
5165,40,22,549,447
5166,40,22,549,447
5167,40,22,549,447
5168,40,22,549,447
5169,40,22,549,447
5170,31,10,565,472
5171,31,10,565,472
5172,31,10,565,472
5173,31,10,565,472
5174,31,10,565,472
5175,31,10,565,472
5176,31,10,565,472
5177,31,10,565,472
5178,31,10,565,472
5179,31,10,565,472
5180,39,19,561,453
5181,39,19,561,453
5182,39,19,561,453
5183,39,19,561,453
5184,39,19,561,453
5185,39,19,561,453
5186,39,19,561,453
5187,39,19,561,453
5188,39,19,561,453
5189,39,19,561,453
5190,42,15,563,462
5191,42,15,563,462
5192,42,15,563,462
5193,42,15,563,462
5194,42,15,563,462
5195,42,15,563,462
5196,42,15,563,462
5197,42,15,563,462
5198,42,15,563,462
5199,42,15,563,462
5200,39,18,549,458
5201,39,18,549,458
5202,39,18,549,458
5203,39,18,549,458
5204,39,18,549,458
5205,39,18,549,458
5206,39,18,549,458
5207,39,18,549,458
5208,39,18,549,458
5209,39,18,549,458
5210,40,18,566,454
5211,40,18,566,454
5212,40,18,566,454
5213,40,18,566,454
5214,40,18,566,454
5215,40,18,566,454
5216,40,18,566,454
5217,40,18,566,454
5218,40,18,566,454
5219,40,18,566,454
5220,37,16,563,459
5221,37,16,563,459
5222,37,16,563,459
5223,37,16,563,459
5224,37,16,563,459
5225,37,16,563,459
5226,37,16,563,459
5227,37,16,563,459
5228,37,16,563,459
5229,37,16,563,459
